gas,date,site,transect,rep,flux,p.value,soil_moisture,soil_temperature,lat,lon
co2,2022-07-12,Pr-1,high,1,1.801330392675594,6.28718650514961e-5,NA,NA,41.8938255,-89.3757784
co2,2022-07-12,Pr-1,high,2,1.916044769003988,0.00255669709540011,NA,NA,41.8938255,-89.3757784
co2,2022-07-12,Pr-1,high,3,2.241597833716371,2.77099699151319e-5,NA,NA,41.8938255,-89.3757784
co2,2022-07-12,Pr-1,high,4,1.726129614269716,3.2937535244190126e-4,NA,NA,41.8938255,-89.3757784
co2,2022-07-12,Pr-1,mid,5,3.1903449094036422,1.7049547248168434e-5,NA,NA,41.8938255,-89.3757784
co2,2022-07-12,Pr-1,mid,6,2.874502545727827,0.00248130037683093,NA,NA,41.8938255,-89.3757784
co2,2022-07-12,Pr-1,mid,7,2.7272586391658025,7.02795255967765e-4,NA,NA,41.8938255,-89.3757784
co2,2022-07-12,Pr-1,mid,8,2.4554005182613134,0.00250435527854222,NA,NA,41.8938255,-89.3757784
co2,2022-07-12,Pr-1,low,9,1.7790495000954625,0.04257976486278013,NA,NA,41.8938255,-89.3757784
co2,2022-07-12,Pr-1,low,10,3.262700366083596,2.504838024720009e-4,NA,NA,41.8938255,-89.3757784
co2,2022-07-12,Pr-1,low,11,3.229573642339709,5.274821554136531e-4,NA,NA,41.8938255,-89.3757784
co2,2022-07-12,Pr-1,low,12,3.0377923936910887,0.00263831825125038,NA,NA,41.8938255,-89.3757784
co2,2022-07-12,Wd-1,high,1,2.1723574670963486,3.481292970434305e-4,NA,NA,41.8944391,-89.3792934
co2,2022-07-12,Wd-1,high,2,NA,0.05218120509632005,NA,NA,41.8944391,-89.3792934
co2,2022-07-12,Wd-1,high,3,0.9273515696613064,0.00818842678335092,NA,NA,41.8944391,-89.3792934
co2,2022-07-12,Wd-1,high,4,2.293612108333991,2.6990987507039625e-5,NA,NA,41.8944391,-89.3792934
co2,2022-07-12,Wd-1,mid,5,2.123078272047319,0.00134220341751368,NA,NA,41.8944391,-89.3792934
co2,2022-07-12,Wd-1,mid,6,1.9132718102853257,3.995360979715412e-4,NA,NA,41.8944391,-89.3792934
co2,2022-07-12,Wd-1,mid,7,1.7450595970448468,0.00237550265761411,NA,NA,41.8944391,-89.3792934
co2,2022-07-12,Wd-1,mid,8,1.83110979723139,0.00257282376344671,NA,NA,41.8944391,-89.3792934
co2,2022-07-12,Wd-1,low,9,2.334405347792759,0.00118775253295593,NA,NA,41.8944391,-89.3792934
co2,2022-07-12,Wd-1,low,10,1.950828518823318,0.00167577644555265,NA,NA,41.8944391,-89.3792934
co2,2022-07-12,Wd-1,low,11,1.768855972611454,3.2513223211915615e-4,NA,NA,41.8944391,-89.3792934
co2,2022-07-12,Wd-1,low,12,2.4739589907353925,1.3984442827536496e-4,NA,NA,41.8944391,-89.3792934
co2,2022-07-12,Wt-1,high,1,4.603903264960556,5.249773232422091e-4,NA,NA,41.8942857,-89.3780569
co2,2022-07-12,Wt-1,high,2,4.157087073943857,3.549265165809098e-5,NA,NA,41.8942857,-89.3780569
co2,2022-07-12,Wt-1,high,3,6.870298077029851,6.576270721987687e-4,NA,NA,41.8942857,-89.3780569
co2,2022-07-12,Wt-1,high,4,3.4489360072382813,7.656729251647568e-4,NA,NA,41.8942857,-89.3780569
co2,2022-07-12,Wt-1,mid,5,3.561533453816471,3.2389808701243413e-4,NA,NA,41.8942857,-89.3780569
co2,2022-07-12,Wt-1,mid,6,3.808791702778332,0.00227898297810484,NA,NA,41.8942857,-89.3780569
co2,2022-07-12,Wt-1,mid,7,4.815589617456139,0.00124378404760675,NA,NA,41.8942857,-89.3780569
co2,2022-07-12,Wt-1,mid,8,4.456798007026319,3.5526254600007275e-4,NA,NA,41.8942857,-89.3780569
co2,2022-07-12,Wt-1,low,9,4.09784484426019,1.575966389650297e-4,NA,NA,41.8942857,-89.3780569
co2,2022-07-12,Wt-1,low,10,3.227267789097359,1.4798247753652346e-4,NA,NA,41.8942857,-89.3780569
co2,2022-07-12,Wt-1,low,11,3.1406886345891505,0.00156028825653555,NA,NA,41.8942857,-89.3780569
co2,2022-07-12,Wt-1,low,12,2.7798695900144104,3.7462500312244833e-4,NA,NA,41.8942857,-89.3780569
co2,2022-07-12,Pr-2,high,1,3.560099845528407,0.00312668704122022,NA,NA,41.8948141,-89.3770264
co2,2022-07-12,Pr-2,high,2,4.787179794005181,6.560908388944307e-5,NA,NA,41.8948141,-89.3770264
co2,2022-07-12,Pr-2,high,3,4.089476788161393,3.860401571665476e-4,NA,NA,41.8948141,-89.3770264
co2,2022-07-12,Pr-2,high,4,2.982502609513476,0.00434344912676081,NA,NA,41.8948141,-89.3770264
co2,2022-07-12,Pr-2,mid,5,4.017027214067515,1.344256984619048e-4,NA,NA,41.8948141,-89.3770264
co2,2022-07-12,Pr-2,mid,6,NA,0.07746071376296693,NA,NA,41.8948141,-89.3770264
co2,2022-07-12,Pr-2,mid,7,4.041933499186062,2.843889086221952e-4,NA,NA,41.8948141,-89.3770264
co2,2022-07-12,Pr-2,mid,8,4.355822487002865,0.00156391662048481,NA,NA,41.8948141,-89.3770264
co2,2022-07-12,Pr-2,low,9,2.9293721248946434,0.03979965812932778,NA,NA,41.8948141,-89.3770264
co2,2022-07-12,Pr-2,low,10,3.468377449716273,0.00192593387843938,NA,NA,41.8948141,-89.3770264
co2,2022-07-12,Pr-2,low,11,3.654819311469951,3.744667704451556e-4,NA,NA,41.8948141,-89.3770264
co2,2022-07-12,Pr-2,low,12,4.883572017730261,7.735756347786507e-5,NA,NA,41.8948141,-89.3770264
co2,2022-07-12,Wt-2,high,1,3.781178928656878,6.893941737044262e-5,NA,NA,41.8934611,-89.3773216
co2,2022-07-12,Wt-2,high,2,3.698610496895723,0.00667274910253253,NA,NA,41.8934611,-89.3773216
co2,2022-07-12,Wt-2,high,3,3.800061158395866,2.3629742140776893e-4,NA,NA,41.8934611,-89.3773216
co2,2022-07-12,Wt-2,high,4,3.1171826846877995,1.9587217723124732e-4,NA,NA,41.8934611,-89.3773216
co2,2022-07-12,Wt-2,mid,5,4.696961559010865,3.1234359025119127e-4,NA,NA,41.8934611,-89.3773216
co2,2022-07-12,Wt-2,mid,6,3.909455756207512,2.8210151637352336e-4,NA,NA,41.8934611,-89.3773216
co2,2022-07-12,Wt-2,mid,7,5.090106679555995,1.6788626280738635e-4,NA,NA,41.8934611,-89.3773216
co2,2022-07-12,Wt-2,mid,8,3.7255431524843305,1.8454142823679225e-4,NA,NA,41.8934611,-89.3773216
co2,2022-07-12,Wt-2,low,9,6.365744346470199,9.142952800105848e-5,NA,NA,41.8934611,-89.3773216
co2,2022-07-12,Wt-2,low,10,4.846048366950456,7.554709019851582e-6,NA,NA,41.8934611,-89.3773216
co2,2022-07-12,Wt-2,low,11,4.279358516777417,2.3468919527621884e-4,NA,NA,41.8934611,-89.3773216
co2,2022-07-12,Wt-2,low,12,3.3319972100726893,3.661372241944623e-4,NA,NA,41.8934611,-89.3773216
co2,2022-07-12,Wd-2,high,1,2.3292501049719463,0.0022804240532804,NA,NA,41.894226,-89.3769692
co2,2022-07-12,Wd-2,high,2,1.870040963833212,1.8212697025053094e-5,NA,NA,41.894226,-89.3769692
co2,2022-07-12,Wd-2,high,3,2.3876289708324103,4.358582023481469e-4,NA,NA,41.894226,-89.3769692
co2,2022-07-12,Wd-2,high,4,3.3576626961455145,3.763506668421849e-5,NA,NA,41.894226,-89.3769692
co2,2022-07-12,Wd-2,mid,5,1.9866384252343121,1.167082975819334e-4,NA,NA,41.894226,-89.3769692
co2,2022-07-12,Wd-2,mid,6,2.4204850328921608,0.00100794357196541,NA,NA,41.894226,-89.3769692
co2,2022-07-12,Wd-2,mid,7,5.397721220186258,2.7558816913294657e-6,NA,NA,41.894226,-89.3769692
co2,2022-07-12,Wd-2,mid,8,1.9989369241968504,0.00262534202210311,NA,NA,41.894226,-89.3769692
co2,2022-07-12,Wd-2,low,9,3.662943803520754,4.425384634394332e-5,NA,NA,41.894226,-89.3769692
co2,2022-07-12,Wd-2,low,10,2.7427855158349264,6.99125884597652e-4,NA,NA,41.894226,-89.3769692
co2,2022-07-12,Wd-2,low,11,3.1972314282431404,3.683121202225518e-5,NA,NA,41.894226,-89.3769692
co2,2022-07-12,Wd-2,low,12,1.9883063926779896,6.205455961611913e-4,NA,NA,41.894226,-89.3769692
ch4,2022-07-12,Pr-1,high,1,0,0.13050046954147593,NA,NA,41.8938255,-89.3757784
ch4,2022-07-12,Pr-1,high,2,0,0.1529559531781554,NA,NA,41.8938255,-89.3757784
ch4,2022-07-12,Pr-1,high,3,-0.6789546905177376,0.03872428297799896,NA,NA,41.8938255,-89.3757784
ch4,2022-07-12,Pr-1,high,4,0,0.0807017441753273,NA,NA,41.8938255,-89.3757784
ch4,2022-07-12,Pr-1,mid,5,0,0.05859677544662764,NA,NA,41.8938255,-89.3757784
ch4,2022-07-12,Pr-1,mid,6,0,0.3742204460092901,NA,NA,41.8938255,-89.3757784
ch4,2022-07-12,Pr-1,mid,7,0,0.14419490980751387,NA,NA,41.8938255,-89.3757784
ch4,2022-07-12,Pr-1,low,9,0,0.2860177498334855,NA,NA,41.8938255,-89.3757784
ch4,2022-07-12,Pr-1,low,10,0,0.13666308651691714,NA,NA,41.8938255,-89.3757784
ch4,2022-07-12,Pr-1,low,11,-0.8000310558920294,0.04371408164823408,NA,NA,41.8938255,-89.3757784
ch4,2022-07-12,Pr-1,low,12,0,0.980999156395288,NA,NA,41.8938255,-89.3757784
ch4,2022-07-12,Wd-1,high,1,-1.965386618149196,0.01550603632788064,NA,NA,41.8944391,-89.3792934
ch4,2022-07-12,Wd-1,high,2,0,0.10016918710091696,NA,NA,41.8944391,-89.3792934
ch4,2022-07-12,Wd-1,high,3,-1.2955230592018592,0.00109984678965542,NA,NA,41.8944391,-89.3792934
ch4,2022-07-12,Wd-1,high,4,-1.6319737775531782,0.00499241666875893,NA,NA,41.8944391,-89.3792934
ch4,2022-07-12,Wd-1,mid,5,-1.3384960122859255,0.01387803084369902,NA,NA,41.8944391,-89.3792934
ch4,2022-07-12,Wd-1,mid,6,-1.4102660856004212,0.00626029001021331,NA,NA,41.8944391,-89.3792934
ch4,2022-07-12,Wd-1,mid,7,-1.3719700170538671,0.04696399199195581,NA,NA,41.8944391,-89.3792934
ch4,2022-07-12,Wd-1,mid,8,-1.692091960538286,0.01875799546054776,NA,NA,41.8944391,-89.3792934
ch4,2022-07-12,Wd-1,low,9,-2.0215062195235567,0.01247759568510999,NA,NA,41.8944391,-89.3792934
ch4,2022-07-12,Wd-1,low,10,-1.8134377242007809,1.3030626943262894e-4,NA,NA,41.8944391,-89.3792934
ch4,2022-07-12,Wd-1,low,11,-1.3127370830284082,0.01158180144755171,NA,NA,41.8944391,-89.3792934
ch4,2022-07-12,Wd-1,low,12,-1.9316422117669976,0.00775597163445243,NA,NA,41.8944391,-89.3792934
ch4,2022-07-12,Wt-1,high,1,0,0.05056717169920417,NA,NA,41.8942857,-89.3780569
ch4,2022-07-12,Wt-1,high,2,-1.532314032707293,0.02024030927535766,NA,NA,41.8942857,-89.3780569
ch4,2022-07-12,Wt-1,high,3,0,0.05506486332569276,NA,NA,41.8942857,-89.3780569
ch4,2022-07-12,Wt-1,high,4,0,0.05672536804385249,NA,NA,41.8942857,-89.3780569
ch4,2022-07-12,Wt-1,mid,5,-1.3661639235332708,0.02624528735740757,NA,NA,41.8942857,-89.3780569
ch4,2022-07-12,Wt-1,mid,6,-1.1892789729006932,0.03931241605519892,NA,NA,41.8942857,-89.3780569
ch4,2022-07-12,Wt-1,mid,7,0,0.07349025188363358,NA,NA,41.8942857,-89.3780569
ch4,2022-07-12,Wt-1,mid,8,-1.573229129209746,0.01621864592007835,NA,NA,41.8942857,-89.3780569
ch4,2022-07-12,Wt-1,low,9,0,0.05560695446596342,NA,NA,41.8942857,-89.3780569
ch4,2022-07-12,Wt-1,low,10,-1.4929744888438174,0.02510406708470659,NA,NA,41.8942857,-89.3780569
ch4,2022-07-12,Wt-1,low,11,0,0.07150346603861596,NA,NA,41.8942857,-89.3780569
ch4,2022-07-12,Wt-1,low,12,-1.3203595787711728,0.04352020404869743,NA,NA,41.8942857,-89.3780569
ch4,2022-07-12,Pr-2,high,1,0,0.3523383233807319,NA,NA,41.8948141,-89.3770264
ch4,2022-07-12,Pr-2,high,2,0,0.39882229424693755,NA,NA,41.8948141,-89.3770264
ch4,2022-07-12,Pr-2,high,3,0,0.09185421330674128,NA,NA,41.8948141,-89.3770264
ch4,2022-07-12,Pr-2,high,4,0,0.3119972965223831,NA,NA,41.8948141,-89.3770264
ch4,2022-07-12,Pr-2,mid,5,0,0.0509219891401475,NA,NA,41.8948141,-89.3770264
ch4,2022-07-12,Pr-2,mid,6,0,0.05131242086099475,NA,NA,41.8948141,-89.3770264
ch4,2022-07-12,Pr-2,mid,7,0,0.1462569444635943,NA,NA,41.8948141,-89.3770264
ch4,2022-07-12,Pr-2,mid,8,-0.718734205798041,0.02795835766039699,NA,NA,41.8948141,-89.3770264
ch4,2022-07-12,Pr-2,low,9,0,0.05118572987698655,NA,NA,41.8948141,-89.3770264
ch4,2022-07-12,Pr-2,low,10,0,0.10924347725257436,NA,NA,41.8948141,-89.3770264
ch4,2022-07-12,Pr-2,low,11,0,0.10141723029726284,NA,NA,41.8948141,-89.3770264
ch4,2022-07-12,Pr-2,low,12,0,0.3098555237807435,NA,NA,41.8948141,-89.3770264
ch4,2022-07-12,Wt-2,high,1,0,0.2420873187576845,NA,NA,41.8934611,-89.3773216
ch4,2022-07-12,Wt-2,high,2,0,0.6270019165034841,NA,NA,41.8934611,-89.3773216
ch4,2022-07-12,Wt-2,high,3,0,0.9117835674412432,NA,NA,41.8934611,-89.3773216
ch4,2022-07-12,Wt-2,high,4,0,0.6687445084016748,NA,NA,41.8934611,-89.3773216
ch4,2022-07-12,Wt-2,mid,5,-0.8643412346074639,0.0319178257226649,NA,NA,41.8934611,-89.3773216
ch4,2022-07-12,Wt-2,mid,6,0,0.26120283612637607,NA,NA,41.8934611,-89.3773216
ch4,2022-07-12,Wt-2,mid,7,-1.02637073617242,0.04996270715041698,NA,NA,41.8934611,-89.3773216
ch4,2022-07-12,Wt-2,mid,8,0,0.139256370599908,NA,NA,41.8934611,-89.3773216
ch4,2022-07-12,Wt-2,low,9,-1.0405591229287454,0.0313691745459397,NA,NA,41.8934611,-89.3773216
ch4,2022-07-12,Wt-2,low,10,-1.4477890516702938,0.00964191345464021,NA,NA,41.8934611,-89.3773216
ch4,2022-07-12,Wt-2,low,11,-1.243754831461493,0.01178445669184424,NA,NA,41.8934611,-89.3773216
ch4,2022-07-12,Wt-2,low,12,-1.2232748506963622,0.02294088668240426,NA,NA,41.8934611,-89.3773216
ch4,2022-07-12,Wd-2,high,1,0,0.06750118822423931,NA,NA,41.894226,-89.3769692
ch4,2022-07-12,Wd-2,high,2,-1.2591659892444569,0.0115283197933067,NA,NA,41.894226,-89.3769692
ch4,2022-07-12,Wd-2,high,3,-1.6398753778984223,0.00316749367739327,NA,NA,41.894226,-89.3769692
ch4,2022-07-12,Wd-2,high,4,-1.2719684223395222,0.02292257341499085,NA,NA,41.894226,-89.3769692
ch4,2022-07-12,Wd-2,mid,5,-2.2594597850026994,0.00303636907123908,NA,NA,41.894226,-89.3769692
ch4,2022-07-12,Wd-2,mid,6,-2.424217002892047,9.254745712092488e-4,NA,NA,41.894226,-89.3769692
ch4,2022-07-12,Wd-2,mid,7,-2.4533966003140284,0.00328532964711244,NA,NA,41.894226,-89.3769692
ch4,2022-07-12,Wd-2,mid,8,-1.5814281009210265,0.01914926219318589,NA,NA,41.894226,-89.3769692
ch4,2022-07-12,Wd-2,low,9,-1.6684320392007008,0.0238563746325053,NA,NA,41.894226,-89.3769692
ch4,2022-07-12,Wd-2,low,10,-2.5912509103013086,2.3613757709417296e-4,NA,NA,41.894226,-89.3769692
ch4,2022-07-12,Wd-2,low,11,-2.016459774161024,0.0060375220826769,NA,NA,41.894226,-89.3769692
ch4,2022-07-12,Wd-2,low,12,-1.1535452179551733,0.02623863889354742,NA,NA,41.894226,-89.3769692
n2o,2022-07-12,Pr-1,high,1,0,0.6867905309293594,NA,NA,41.8938255,-89.3757784
n2o,2022-07-12,Pr-1,high,2,0,0.4354188719431734,NA,NA,41.8938255,-89.3757784
n2o,2022-07-12,Pr-1,high,3,0,0.17485170620009396,NA,NA,41.8938255,-89.3757784
n2o,2022-07-12,Pr-1,high,4,0,0.3924919944857383,NA,NA,41.8938255,-89.3757784
n2o,2022-07-12,Pr-1,mid,5,0,0.05771351142753949,NA,NA,41.8938255,-89.3757784
n2o,2022-07-12,Pr-1,mid,6,0,0.07243221203946014,NA,NA,41.8938255,-89.3757784
n2o,2022-07-12,Pr-1,mid,7,0,0.2239277404012751,NA,NA,41.8938255,-89.3757784
n2o,2022-07-12,Pr-1,mid,8,0,0.3608120751239341,NA,NA,41.8938255,-89.3757784
n2o,2022-07-12,Pr-1,low,9,0.14375500846642608,0.01648171165150355,NA,NA,41.8938255,-89.3757784
n2o,2022-07-12,Pr-1,low,10,0.05968283841360905,0.04571852139464431,NA,NA,41.8938255,-89.3757784
n2o,2022-07-12,Pr-1,low,11,0,0.06530121692172372,NA,NA,41.8938255,-89.3757784
n2o,2022-07-12,Pr-1,low,12,0,0.242115117639703,NA,NA,41.8938255,-89.3757784
n2o,2022-07-12,Wd-1,high,1,0,0.19133098696423476,NA,NA,41.8944391,-89.3792934
n2o,2022-07-12,Wd-1,high,2,0,0.12651470839708698,NA,NA,41.8944391,-89.3792934
n2o,2022-07-12,Wd-1,high,3,0,0.6292120177804366,NA,NA,41.8944391,-89.3792934
n2o,2022-07-12,Wd-1,high,4,0,0.2523112734704982,NA,NA,41.8944391,-89.3792934
n2o,2022-07-12,Wd-1,mid,5,0,0.1096949214289296,NA,NA,41.8944391,-89.3792934
n2o,2022-07-12,Wd-1,mid,6,0,0.1291270759629044,NA,NA,41.8944391,-89.3792934
n2o,2022-07-12,Wd-1,mid,7,0.05301522630212171,0.04254950416033701,NA,NA,41.8944391,-89.3792934
n2o,2022-07-12,Wd-1,mid,8,0,0.06476156178209343,NA,NA,41.8944391,-89.3792934
n2o,2022-07-12,Wd-1,low,9,0,0.12140002956974376,NA,NA,41.8944391,-89.3792934
n2o,2022-07-12,Wd-1,low,10,0,0.6217269216302852,NA,NA,41.8944391,-89.3792934
n2o,2022-07-12,Wd-1,low,11,0,0.2887599935619253,NA,NA,41.8944391,-89.3792934
n2o,2022-07-12,Wd-1,low,12,0,0.18255902396948157,NA,NA,41.8944391,-89.3792934
n2o,2022-07-12,Wt-1,high,1,0,0.3222934745070781,NA,NA,41.8942857,-89.3780569
n2o,2022-07-12,Wt-1,high,2,0,0.29113571138287386,NA,NA,41.8942857,-89.3780569
n2o,2022-07-12,Wt-1,high,3,0.04387613912952095,0.04354533763398243,NA,NA,41.8942857,-89.3780569
n2o,2022-07-12,Wt-1,high,4,0,0.2735050620242633,NA,NA,41.8942857,-89.3780569
n2o,2022-07-12,Wt-1,mid,5,0.09798926685644536,0.00244629315210714,NA,NA,41.8942857,-89.3780569
n2o,2022-07-12,Wt-1,mid,6,0,0.19193070245928243,NA,NA,41.8942857,-89.3780569
n2o,2022-07-12,Wt-1,mid,7,0,0.2635772607053834,NA,NA,41.8942857,-89.3780569
n2o,2022-07-12,Wt-1,mid,8,0,0.992687512116902,NA,NA,41.8942857,-89.3780569
n2o,2022-07-12,Wt-1,low,9,0,0.24683366188038788,NA,NA,41.8942857,-89.3780569
n2o,2022-07-12,Wt-1,low,10,0,0.07752891228141243,NA,NA,41.8942857,-89.3780569
n2o,2022-07-12,Wt-1,low,11,0,0.2050813054361485,NA,NA,41.8942857,-89.3780569
n2o,2022-07-12,Wt-1,low,12,0,0.06901750185289919,NA,NA,41.8942857,-89.3780569
n2o,2022-07-12,Pr-2,high,1,0.04701151202314787,0.04866465531245947,NA,NA,41.8948141,-89.3770264
n2o,2022-07-12,Pr-2,high,2,0,0.12493491767751327,NA,NA,41.8948141,-89.3770264
n2o,2022-07-12,Pr-2,high,3,0.04423419963421111,0.03532505596388712,NA,NA,41.8948141,-89.3770264
n2o,2022-07-12,Pr-2,high,4,0,0.6861632793683755,NA,NA,41.8948141,-89.3770264
n2o,2022-07-12,Pr-2,mid,5,0,0.1696696675504486,NA,NA,41.8948141,-89.3770264
n2o,2022-07-12,Pr-2,mid,6,0.04226873148891803,0.02380902321664956,NA,NA,41.8948141,-89.3770264
n2o,2022-07-12,Pr-2,mid,7,0,0.23394604187329607,NA,NA,41.8948141,-89.3770264
n2o,2022-07-12,Pr-2,mid,8,0,0.21335193676633127,NA,NA,41.8948141,-89.3770264
n2o,2022-07-12,Pr-2,low,9,0,0.06528057483101775,NA,NA,41.8948141,-89.3770264
n2o,2022-07-12,Pr-2,low,10,0.07597870504728123,0.04919406625317164,NA,NA,41.8948141,-89.3770264
n2o,2022-07-12,Pr-2,low,11,0,0.14430722768434823,NA,NA,41.8948141,-89.3770264
n2o,2022-07-12,Pr-2,low,12,0.04208135266117158,0.00899163936447374,NA,NA,41.8948141,-89.3770264
n2o,2022-07-12,Wt-2,high,1,0,0.1462212355555,NA,NA,41.8934611,-89.3773216
n2o,2022-07-12,Wt-2,high,2,0,0.1232165265188836,NA,NA,41.8934611,-89.3773216
n2o,2022-07-12,Wt-2,high,3,0.11550073982821772,0.0042819852831711,NA,NA,41.8934611,-89.3773216
n2o,2022-07-12,Wt-2,high,4,0.0551307972063668,0.03937498174016356,NA,NA,41.8934611,-89.3773216
n2o,2022-07-12,Wt-2,mid,5,0,0.3945911278311038,NA,NA,41.8934611,-89.3773216
n2o,2022-07-12,Wt-2,mid,6,0,0.09699602450160674,NA,NA,41.8934611,-89.3773216
n2o,2022-07-12,Wt-2,mid,7,0,0.1024643728954704,NA,NA,41.8934611,-89.3773216
n2o,2022-07-12,Wt-2,mid,8,0.09476955062477412,0.02825409094726592,NA,NA,41.8934611,-89.3773216
n2o,2022-07-12,Wt-2,low,9,0,0.18151177918288247,NA,NA,41.8934611,-89.3773216
n2o,2022-07-12,Wt-2,low,10,0,0.3001747165573672,NA,NA,41.8934611,-89.3773216
n2o,2022-07-12,Wt-2,low,11,0,0.1086497225648822,NA,NA,41.8934611,-89.3773216
n2o,2022-07-12,Wt-2,low,12,0,0.09620514644540731,NA,NA,41.8934611,-89.3773216
n2o,2022-07-12,Wd-2,high,1,0,0.244236913220763,NA,NA,41.894226,-89.3769692
n2o,2022-07-12,Wd-2,high,2,0,0.32979381494970106,NA,NA,41.894226,-89.3769692
n2o,2022-07-12,Wd-2,high,3,0,0.16509459752837544,NA,NA,41.894226,-89.3769692
n2o,2022-07-12,Wd-2,high,4,0,0.12866799694426576,NA,NA,41.894226,-89.3769692
n2o,2022-07-12,Wd-2,mid,5,0,0.3531715148820631,NA,NA,41.894226,-89.3769692
n2o,2022-07-12,Wd-2,mid,6,0,0.10437942388275456,NA,NA,41.894226,-89.3769692
n2o,2022-07-12,Wd-2,mid,7,0,0.10806491742887256,NA,NA,41.894226,-89.3769692
n2o,2022-07-12,Wd-2,mid,8,0,0.5171335804768422,NA,NA,41.894226,-89.3769692
n2o,2022-07-12,Wd-2,low,9,0,0.14738606259677875,NA,NA,41.894226,-89.3769692
n2o,2022-07-12,Wd-2,low,10,0,0.33923500081371677,NA,NA,41.894226,-89.3769692
n2o,2022-07-12,Wd-2,low,11,0,0.08785619406724053,NA,NA,41.894226,-89.3769692
n2o,2022-07-12,Wd-2,low,12,0,0.18920413433790775,NA,NA,41.894226,-89.3769692
co2,2022-08-18,Pr-1,high,1,3.593044161471441,7.226690384090274e-4,13,26.2,41.8938255,-89.3757784
co2,2022-08-18,Pr-1,high,2,4.67962357861732,3.357064305446658e-4,13.3,24.9,41.8938255,-89.3757784
co2,2022-08-18,Pr-1,high,3,5.053718290528951,3.4231908371715013e-4,11.7,26.1,41.8938255,-89.3757784
co2,2022-08-18,Pr-1,high,4,4.740771082949954,2.4639788293038286e-4,12.9,25.5,41.8938255,-89.3757784
co2,2022-08-18,Pr-1,mid,5,3.6271000665629423,0.00103822304369284,12.5,25.1,41.8938255,-89.3757784
co2,2022-08-18,Pr-1,mid,6,3.67700840172936,1.2725644953789933e-4,14.6,24.3,41.8938255,-89.3757784
co2,2022-08-18,Pr-1,mid,7,4.5705094980592245,3.2417969281841154e-4,15.6,24.5,41.8938255,-89.3757784
co2,2022-08-18,Pr-1,mid,8,4.4200854236125435,5.864949773375567e-4,17,24.9,41.8938255,-89.3757784
co2,2022-08-18,Pr-1,low,9,5.730341754318498,3.133804446895864e-4,8.9,25.1,41.8938255,-89.3757784
co2,2022-08-18,Pr-1,low,10,5.107048685061706,2.2828738711421208e-4,12,25.5,41.8938255,-89.3757784
co2,2022-08-18,Pr-1,low,11,5.3566960725934125,0.00102804800831788,13.6,24.8,41.8938255,-89.3757784
co2,2022-08-18,Pr-1,low,12,4.6613231380907205,6.855247695502296e-4,15.3,24.7,41.8938255,-89.3757784
co2,2022-08-18,Wd-1,high,1,1.7960668435685232,0.01151744277004918,5.1,19.8,41.8944391,-89.3792934
co2,2022-08-18,Wd-1,high,2,1.4135615648180149,0.00665820988931751,8.1,19.3,41.8944391,-89.3792934
co2,2022-08-18,Wd-1,high,3,1.2249203366910553,0.00499091958967194,4.1,19.4,41.8944391,-89.3792934
co2,2022-08-18,Wd-1,high,4,2.5598449703579247,0.00107608858512052,4.1,19.6,41.8944391,-89.3792934
co2,2022-08-18,Wd-1,mid,5,2.5724861241854025,0.00266481796236705,7.5,19.2,41.8944391,-89.3792934
co2,2022-08-18,Wd-1,mid,6,2.5213937883306214,0.00235283345717535,6.5,27.5,41.8944391,-89.3792934
co2,2022-08-18,Wd-1,mid,7,1.7862688002883809,6.915404085730572e-4,4.7,29.6,41.8944391,-89.3792934
co2,2022-08-18,Wd-1,mid,8,2.145595413457626,1.1768735033201862e-5,3.5,26.5,41.8944391,-89.3792934
co2,2022-08-18,Wd-1,low,9,2.670194697118894,0.00138841643259277,4.2,32.2,41.8944391,-89.3792934
co2,2022-08-18,Wd-1,low,10,2.375679884690969,0.01004427864885695,4.3,29.3,41.8944391,-89.3792934
co2,2022-08-18,Wd-1,low,11,2.3988749974741475,0.00284497796807922,4.7,26.9,41.8944391,-89.3792934
co2,2022-08-18,Wd-1,low,12,3.223266558493417,1.6432559749532746e-4,4.9,31.1,41.8944391,-89.3792934
co2,2022-08-18,Wt-1,high,1,3.6090826213998786,8.169617398610842e-4,7.1,22.7,41.8942857,-89.3780569
co2,2022-08-18,Wt-1,high,2,4.15793201631542,1.871447768953471e-4,6,22.4,41.8942857,-89.3780569
co2,2022-08-18,Wt-1,high,3,4.982384563108268,0.00613032901848411,8.8,22.2,41.8942857,-89.3780569
co2,2022-08-18,Wt-1,high,4,3.928387761592226,3.583387979601837e-4,7.6,21.8,41.8942857,-89.3780569
co2,2022-08-18,Wt-1,mid,5,3.383238386917446,0.00933177699732351,2.2,21.4,41.8942857,-89.3780569
co2,2022-08-18,Wt-1,mid,6,4.44878108128727,0.00532351040516149,5.1,21.5,41.8942857,-89.3780569
co2,2022-08-18,Wt-1,mid,7,4.710519753634964,2.143243912347776e-4,4.5,22.1,41.8942857,-89.3780569
co2,2022-08-18,Wt-1,mid,8,3.868232230371745,0.01411300196542293,4.7,21.8,41.8942857,-89.3780569
co2,2022-08-18,Wt-1,low,9,NA,0.07560180489923182,3.6,22.6,41.8942857,-89.3780569
co2,2022-08-18,Wt-1,low,10,2.5795621192883673,4.291981205829656e-4,3.3,23.1,41.8942857,-89.3780569
co2,2022-08-18,Wt-1,low,11,3.198666589773765,4.052378931296497e-4,5.1,22.9,41.8942857,-89.3780569
co2,2022-08-18,Wt-1,low,12,2.894297715045242,0.02353590253594566,6.3,22.7,41.8942857,-89.3780569
co2,2022-08-18,Pr-2,high,1,3.5761571452878456,2.348473780542889e-4,8.9,20.9,41.8948141,-89.3770264
co2,2022-08-18,Pr-2,high,2,3.7303564011677928,2.849382337668553e-4,7.4,21.4,41.8948141,-89.3770264
co2,2022-08-18,Pr-2,high,3,3.2142086958882228,3.1023420409468385e-5,7.1,21.4,41.8948141,-89.3770264
co2,2022-08-18,Pr-2,high,4,2.3825251042600764,1.4269430272673676e-4,8.8,21.1,41.8948141,-89.3770264
co2,2022-08-18,Pr-2,mid,5,3.746888993300443,0.00139139943644539,11.4,20.9,41.8948141,-89.3770264
co2,2022-08-18,Pr-2,mid,6,3.9634050524091218,1.333851251918912e-4,12.4,21.3,41.8948141,-89.3770264
co2,2022-08-18,Pr-2,mid,7,3.5396919095354407,5.073901031980306e-5,12.7,20.3,41.8948141,-89.3770264
co2,2022-08-18,Pr-2,mid,8,3.828029433766259,2.2621395475006225e-4,11.8,20.2,41.8948141,-89.3770264
co2,2022-08-18,Pr-2,low,9,5.130605204370232,2.2733936223542564e-4,12.1,22.7,41.8948141,-89.3770264
co2,2022-08-18,Pr-2,low,10,4.688114202780881,5.639339123877686e-4,11.8,24.2,41.8948141,-89.3770264
co2,2022-08-18,Pr-2,low,11,4.841757748493501,5.970730297054249e-5,10.1,22.4,41.8948141,-89.3770264
co2,2022-08-18,Pr-2,low,12,5.094077846245211,2.2318751888807215e-4,14.9,21.5,41.8948141,-89.3770264
co2,2022-08-18,Wt-2,high,1,4.314223226296639,0.00252133655375234,37.7,22.6,41.8934611,-89.3773216
co2,2022-08-18,Wt-2,high,2,4.899148330840777,2.303802013679079e-4,40.9,21.8,41.8934611,-89.3773216
co2,2022-08-18,Wt-2,high,3,4.3312309396701325,4.093624562246416e-4,47.3,21.6,41.8934611,-89.3773216
co2,2022-08-18,Wt-2,high,4,4.10764213228912,1.0747026314832357e-4,43.8,22.1,41.8934611,-89.3773216
co2,2022-08-18,Wt-2,mid,5,4.743059476792049,7.068082130160222e-4,23.6,22.1,41.8934611,-89.3773216
co2,2022-08-18,Wt-2,mid,6,3.192332796235409,0.00324269685356098,18.9,20.9,41.8934611,-89.3773216
co2,2022-08-18,Wt-2,mid,7,4.3187451484195,3.6694981377906875e-5,21.2,20.9,41.8934611,-89.3773216
co2,2022-08-18,Wt-2,mid,8,3.661987013397622,0.00167127129204742,24.1,22.1,41.8934611,-89.3773216
co2,2022-08-18,Wt-2,low,9,5.198136425388707,7.859247721226238e-5,15.4,20.7,41.8934611,-89.3773216
co2,2022-08-18,Wt-2,low,10,3.5545105027481623,2.8268496327132886e-4,17.4,21.5,41.8934611,-89.3773216
co2,2022-08-18,Wt-2,low,11,3.6977980769174814,2.1133256713535296e-5,18.2,21.6,41.8934611,-89.3773216
co2,2022-08-18,Wt-2,low,12,2.108315931916516,0.00422154619119405,18.7,20.9,41.8934611,-89.3773216
co2,2022-08-18,Wd-2,high,1,3.472569615154617,0.02746447952684038,3.2,20.5,41.894226,-89.3769692
co2,2022-08-18,Wd-2,high,2,2.34118152278802,2.79844759869888e-4,3.7,21.1,41.894226,-89.3769692
co2,2022-08-18,Wd-2,high,3,2.5454739727386815,0.00854138289727864,2.3,21.2,41.894226,-89.3769692
co2,2022-08-18,Wd-2,high,4,NA,4.555008963712454e-6,3.4,22,41.894226,-89.3769692
co2,2022-08-18,Wd-2,mid,5,NA,0.10811420823872804,7.7,21.4,41.894226,-89.3769692
co2,2022-08-18,Wd-2,mid,6,2.589444408479865,0.0018293974850086,5.4,21.1,41.894226,-89.3769692
co2,2022-08-18,Wd-2,mid,7,4.340163158774192,8.142949476535896e-4,8.2,20.8,41.894226,-89.3769692
co2,2022-08-18,Wd-2,mid,8,2.9219917867136203,3.359645745350674e-4,8.9,21.6,41.894226,-89.3769692
co2,2022-08-18,Wd-2,low,9,4.818915182694012,1.2036275476417984e-4,8.1,21.6,41.894226,-89.3769692
co2,2022-08-18,Wd-2,low,10,2.63704981607745,0.00411297380030722,9.7,21.3,41.894226,-89.3769692
co2,2022-08-18,Wd-2,low,11,3.598258713298156,0.00130134591765991,13.1,21.6,41.894226,-89.3769692
co2,2022-08-18,Wd-2,low,12,2.058576118090165,0.00104467004970831,10.2,22.3,41.894226,-89.3769692
ch4,2022-08-18,Pr-1,high,1,-0.6787565718571601,0.0111964961484634,13,26.2,41.8938255,-89.3757784
ch4,2022-08-18,Pr-1,high,2,0,0.1606398593638532,13.3,24.9,41.8938255,-89.3757784
ch4,2022-08-18,Pr-1,high,3,-0.3833051710763784,0.02073329747468243,11.7,26.1,41.8938255,-89.3757784
ch4,2022-08-18,Pr-1,high,4,0,0.2130099216685652,12.9,25.5,41.8938255,-89.3757784
ch4,2022-08-18,Pr-1,mid,5,0,0.0750925173407796,12.5,25.1,41.8938255,-89.3757784
ch4,2022-08-18,Pr-1,mid,6,-0.5060413184889231,0.04176652894988048,14.6,24.3,41.8938255,-89.3757784
ch4,2022-08-18,Pr-1,mid,7,0,0.2671440600170697,15.6,24.5,41.8938255,-89.3757784
ch4,2022-08-18,Pr-1,mid,8,0,0.30760062514210174,17,24.9,41.8938255,-89.3757784
ch4,2022-08-18,Pr-1,low,9,0,0.08176255520212626,8.9,25.1,41.8938255,-89.3757784
ch4,2022-08-18,Pr-1,low,10,-0.5381800630049384,0.03733134232286531,12,25.5,41.8938255,-89.3757784
ch4,2022-08-18,Pr-1,low,11,0,0.5409127501389094,13.6,24.8,41.8938255,-89.3757784
ch4,2022-08-18,Pr-1,low,12,0,0.3144801350433552,15.3,24.7,41.8938255,-89.3757784
ch4,2022-08-18,Wd-1,high,1,-1.5800927102367783,0.00884726938642491,5.1,19.8,41.8944391,-89.3792934
ch4,2022-08-18,Wd-1,high,2,-1.9545646806616432,0.00667545401501192,8.1,19.3,41.8944391,-89.3792934
ch4,2022-08-18,Wd-1,high,3,-1.3766426147758175,0.01767325375860701,4.1,19.4,41.8944391,-89.3792934
ch4,2022-08-18,Wd-1,high,4,-1.1079026565764931,0.00872424275310276,4.1,19.6,41.8944391,-89.3792934
ch4,2022-08-18,Wd-1,mid,5,-1.2710435996410376,0.00715271106893227,7.5,19.2,41.8944391,-89.3792934
ch4,2022-08-18,Wd-1,mid,6,-1.3460339894402735,0.00366138138081783,6.5,27.5,41.8944391,-89.3792934
ch4,2022-08-18,Wd-1,mid,7,-0.9804971047130074,0.00985166727940074,4.7,29.6,41.8944391,-89.3792934
ch4,2022-08-18,Wd-1,mid,8,-2.031098190475265,0.00357877908176889,3.5,26.5,41.8944391,-89.3792934
ch4,2022-08-18,Wd-1,low,9,-1.4960472029053695,0.01032220905085217,4.2,32.2,41.8944391,-89.3792934
ch4,2022-08-18,Wd-1,low,10,-1.382479458605815,0.00496442610997421,4.3,29.3,41.8944391,-89.3792934
ch4,2022-08-18,Wd-1,low,11,-1.155037624190075,0.02898559929637345,4.7,26.9,41.8944391,-89.3792934
ch4,2022-08-18,Wd-1,low,12,-1.3508119097767879,4.012062985452883e-4,4.9,31.1,41.8944391,-89.3792934
ch4,2022-08-18,Wt-1,high,1,-0.603550556149669,0.0116785717890109,7.1,22.7,41.8942857,-89.3780569
ch4,2022-08-18,Wt-1,high,2,-0.8192001107304407,6.501934553100611e-4,6,22.4,41.8942857,-89.3780569
ch4,2022-08-18,Wt-1,high,3,-1.0360207548556908,0.02982873471497231,8.8,22.2,41.8942857,-89.3780569
ch4,2022-08-18,Wt-1,high,4,-0.6538267454194654,0.01025563982925664,7.6,21.8,41.8942857,-89.3780569
ch4,2022-08-18,Wt-1,mid,5,-0.8587838401937181,0.00323071725715784,2.2,21.4,41.8942857,-89.3780569
ch4,2022-08-18,Wt-1,mid,6,-1.0257358756808286,0.01935147867398197,5.1,21.5,41.8942857,-89.3780569
ch4,2022-08-18,Wt-1,mid,7,-1.308817906641098,2.5683862692478374e-4,4.5,22.1,41.8942857,-89.3780569
ch4,2022-08-18,Wt-1,mid,8,-1.0405789982845937,0.00141720802512136,4.7,21.8,41.8942857,-89.3780569
ch4,2022-08-18,Wt-1,low,9,0,0.379560964812475,3.6,22.6,41.8942857,-89.3780569
ch4,2022-08-18,Wt-1,low,10,-0.9617525311042974,0.01361562382833299,3.3,23.1,41.8942857,-89.3780569
ch4,2022-08-18,Wt-1,low,11,-0.9481645466127148,3.112480003333853e-4,5.1,22.9,41.8942857,-89.3780569
ch4,2022-08-18,Wt-1,low,12,-0.9337482297365882,0.03095265626377316,6.3,22.7,41.8942857,-89.3780569
ch4,2022-08-18,Pr-2,high,1,0,0.37346079220379297,8.9,20.9,41.8948141,-89.3770264
ch4,2022-08-18,Pr-2,high,2,0,0.3971092061675669,7.4,21.4,41.8948141,-89.3770264
ch4,2022-08-18,Pr-2,high,3,0,0.23076353699242996,7.1,21.4,41.8948141,-89.3770264
ch4,2022-08-18,Pr-2,high,4,0,0.06358893527451334,8.8,21.1,41.8948141,-89.3770264
ch4,2022-08-18,Pr-2,mid,5,-0.8175575844864598,0.01619173359372993,11.4,20.9,41.8948141,-89.3770264
ch4,2022-08-18,Pr-2,mid,6,-0.6465004893787676,0.01294574799410135,12.4,21.3,41.8948141,-89.3770264
ch4,2022-08-18,Pr-2,mid,7,-0.6604318296227913,0.04145219531846181,12.7,20.3,41.8948141,-89.3770264
ch4,2022-08-18,Pr-2,mid,8,-0.5060888718397832,0.02758965207823358,11.8,20.2,41.8948141,-89.3770264
ch4,2022-08-18,Pr-2,low,9,0,0.1187468801647547,12.1,22.7,41.8948141,-89.3770264
ch4,2022-08-18,Pr-2,low,10,0,0.14018149557732157,11.8,24.2,41.8948141,-89.3770264
ch4,2022-08-18,Pr-2,low,11,0,0.07568267028878539,10.1,22.4,41.8948141,-89.3770264
ch4,2022-08-18,Pr-2,low,12,-0.8085888197507,0.00273580663530485,14.9,21.5,41.8948141,-89.3770264
ch4,2022-08-18,Wt-2,high,1,-0.35899856234771976,0.03434574512202092,37.7,22.6,41.8934611,-89.3773216
ch4,2022-08-18,Wt-2,high,2,0,0.9507902998421334,40.9,21.8,41.8934611,-89.3773216
ch4,2022-08-18,Wt-2,high,3,0,0.1145500178515335,47.3,21.6,41.8934611,-89.3773216
ch4,2022-08-18,Wt-2,high,4,0,0.37962822067471685,43.8,22.1,41.8934611,-89.3773216
ch4,2022-08-18,Wt-2,mid,5,-1.1060897628934565,0.00571688641171762,23.6,22.1,41.8934611,-89.3773216
ch4,2022-08-18,Wt-2,mid,6,-0.6378666283731795,0.00312681290381657,18.9,20.9,41.8934611,-89.3773216
ch4,2022-08-18,Wt-2,mid,7,-0.8894085109875963,0.00123756190971302,21.2,20.9,41.8934611,-89.3773216
ch4,2022-08-18,Wt-2,mid,8,-0.6872510439018163,0.02054185864203057,24.1,22.1,41.8934611,-89.3773216
ch4,2022-08-18,Wt-2,low,9,0,0.05910747828696494,15.4,20.7,41.8934611,-89.3773216
ch4,2022-08-18,Wt-2,low,10,0,0.06021822241562354,17.4,21.5,41.8934611,-89.3773216
ch4,2022-08-18,Wt-2,low,11,0,0.07621062367107215,18.2,21.6,41.8934611,-89.3773216
ch4,2022-08-18,Wt-2,low,12,-0.5788504939376137,0.01072358857325016,18.7,20.9,41.8934611,-89.3773216
ch4,2022-08-18,Wd-2,high,1,-1.223393585281512,0.01898576596237868,3.2,20.5,41.894226,-89.3769692
ch4,2022-08-18,Wd-2,high,2,-1.5382702139983266,0.00227492989385096,3.7,21.1,41.894226,-89.3769692
ch4,2022-08-18,Wd-2,high,3,0,0.05504521515262369,2.3,21.2,41.894226,-89.3769692
ch4,2022-08-18,Wd-2,high,4,-0.7180505161933932,0.03420465640078581,3.4,22,41.894226,-89.3769692
ch4,2022-08-18,Wd-2,mid,5,0,0.1589291072500148,7.7,21.4,41.894226,-89.3769692
ch4,2022-08-18,Wd-2,mid,6,-1.6775160056002336,0.00122441414068493,5.4,21.1,41.894226,-89.3769692
ch4,2022-08-18,Wd-2,mid,7,-1.4574047526357408,0.00203898216563353,8.2,20.8,41.894226,-89.3769692
ch4,2022-08-18,Wd-2,mid,8,-1.0968731036759711,0.00289616453201768,8.9,21.6,41.894226,-89.3769692
ch4,2022-08-18,Wd-2,low,9,-1.5135340446954615,6.952754966335785e-4,8.1,21.6,41.894226,-89.3769692
ch4,2022-08-18,Wd-2,low,10,-1.7110392578873803,0.01888038453614704,9.7,21.3,41.894226,-89.3769692
ch4,2022-08-18,Wd-2,low,11,0,0.08002263629549684,13.1,21.6,41.894226,-89.3769692
ch4,2022-08-18,Wd-2,low,12,-0.9012559324245524,0.02831142142429216,10.2,22.3,41.894226,-89.3769692
n2o,2022-08-18,Pr-1,high,1,0,0.4982391293637284,13,26.2,41.8938255,-89.3757784
n2o,2022-08-18,Pr-1,high,2,0,0.4329343129301305,13.3,24.9,41.8938255,-89.3757784
n2o,2022-08-18,Pr-1,high,3,0,0.542829089837311,11.7,26.1,41.8938255,-89.3757784
n2o,2022-08-18,Pr-1,high,4,0,0.5957339636821685,12.9,25.5,41.8938255,-89.3757784
n2o,2022-08-18,Pr-1,mid,5,0,0.07471772651657757,12.5,25.1,41.8938255,-89.3757784
n2o,2022-08-18,Pr-1,mid,6,0,0.2049600661400539,14.6,24.3,41.8938255,-89.3757784
n2o,2022-08-18,Pr-1,mid,7,0,0.3624822262832427,15.6,24.5,41.8938255,-89.3757784
n2o,2022-08-18,Pr-1,mid,8,0,0.7121675930452356,17,24.9,41.8938255,-89.3757784
n2o,2022-08-18,Pr-1,low,9,0,0.5667422180252942,8.9,25.1,41.8938255,-89.3757784
n2o,2022-08-18,Pr-1,low,10,0,0.43809474158087314,12,25.5,41.8938255,-89.3757784
n2o,2022-08-18,Pr-1,low,11,0,0.6870719187305421,13.6,24.8,41.8938255,-89.3757784
n2o,2022-08-18,Pr-1,low,12,0,0.9187629813645964,15.3,24.7,41.8938255,-89.3757784
n2o,2022-08-18,Wd-1,high,1,0,0.4031331330018163,5.1,19.8,41.8944391,-89.3792934
n2o,2022-08-18,Wd-1,high,2,0,0.7039696656621846,8.1,19.3,41.8944391,-89.3792934
n2o,2022-08-18,Wd-1,high,3,0,0.4803719963451766,4.1,19.4,41.8944391,-89.3792934
n2o,2022-08-18,Wd-1,high,4,0,0.7168393149763712,4.1,19.6,41.8944391,-89.3792934
n2o,2022-08-18,Wd-1,mid,5,-0.08383531773687315,0.04466299666653117,7.5,19.2,41.8944391,-89.3792934
n2o,2022-08-18,Wd-1,mid,6,0,0.7935381755282556,6.5,27.5,41.8944391,-89.3792934
n2o,2022-08-18,Wd-1,mid,7,0,0.90560153479247,4.7,29.6,41.8944391,-89.3792934
n2o,2022-08-18,Wd-1,mid,8,0,0.17333507155957725,3.5,26.5,41.8944391,-89.3792934
n2o,2022-08-18,Wd-1,low,9,0,0.2499974646435951,4.2,32.2,41.8944391,-89.3792934
n2o,2022-08-18,Wd-1,low,10,-0.10218686809248852,0.02620428996098411,4.3,29.3,41.8944391,-89.3792934
n2o,2022-08-18,Wd-1,low,11,0,0.08104699484868429,4.7,26.9,41.8944391,-89.3792934
n2o,2022-08-18,Wd-1,low,12,0,0.2679801172847743,4.9,31.1,41.8944391,-89.3792934
n2o,2022-08-18,Wt-1,high,1,0,0.8508521569534568,7.1,22.7,41.8942857,-89.3780569
n2o,2022-08-18,Wt-1,high,2,0,0.5722918657962877,6,22.4,41.8942857,-89.3780569
n2o,2022-08-18,Wt-1,high,3,-0.1022278990415539,0.02034953384002505,8.8,22.2,41.8942857,-89.3780569
n2o,2022-08-18,Wt-1,high,4,0,0.26963076732715296,7.6,21.8,41.8942857,-89.3780569
n2o,2022-08-18,Wt-1,mid,5,-0.1006057167496392,0.0336500111118995,2.2,21.4,41.8942857,-89.3780569
n2o,2022-08-18,Wt-1,mid,6,-0.09314196745669756,0.02699720475372752,5.1,21.5,41.8942857,-89.3780569
n2o,2022-08-18,Wt-1,mid,7,0,0.1204478769159594,4.5,22.1,41.8942857,-89.3780569
n2o,2022-08-18,Wt-1,mid,8,0,0.14866469101016336,4.7,21.8,41.8942857,-89.3780569
n2o,2022-08-18,Wt-1,low,9,0,0.1975140313845375,3.6,22.6,41.8942857,-89.3780569
n2o,2022-08-18,Wt-1,low,10,0,0.18576249699718284,3.3,23.1,41.8942857,-89.3780569
n2o,2022-08-18,Wt-1,low,11,0,0.3356206526476274,5.1,22.9,41.8942857,-89.3780569
n2o,2022-08-18,Wt-1,low,12,0,0.6533539003353055,6.3,22.7,41.8942857,-89.3780569
n2o,2022-08-18,Pr-2,high,1,0,0.2705340000559281,8.9,20.9,41.8948141,-89.3770264
n2o,2022-08-18,Pr-2,high,2,0,0.2639136423673616,7.4,21.4,41.8948141,-89.3770264
n2o,2022-08-18,Pr-2,high,3,0,0.06317393294989415,7.1,21.4,41.8948141,-89.3770264
n2o,2022-08-18,Pr-2,high,4,0,0.12596309702654002,8.8,21.1,41.8948141,-89.3770264
n2o,2022-08-18,Pr-2,mid,5,0,0.06198688861825702,11.4,20.9,41.8948141,-89.3770264
n2o,2022-08-18,Pr-2,mid,6,0,0.44096511713966213,12.4,21.3,41.8948141,-89.3770264
n2o,2022-08-18,Pr-2,mid,7,0,0.31847694144368777,12.7,20.3,41.8948141,-89.3770264
n2o,2022-08-18,Pr-2,mid,8,0,0.2189727808163422,11.8,20.2,41.8948141,-89.3770264
n2o,2022-08-18,Pr-2,low,9,0,0.8016374311218177,12.1,22.7,41.8948141,-89.3770264
n2o,2022-08-18,Pr-2,low,10,0,0.2484570752626976,11.8,24.2,41.8948141,-89.3770264
n2o,2022-08-18,Pr-2,low,11,0,0.20986990671982603,10.1,22.4,41.8948141,-89.3770264
n2o,2022-08-18,Pr-2,low,12,0,0.4168532806153761,14.9,21.5,41.8948141,-89.3770264
n2o,2022-08-18,Wt-2,high,1,0,0.408019994459919,37.7,22.6,41.8934611,-89.3773216
n2o,2022-08-18,Wt-2,high,2,0,0.2470938601578835,40.9,21.8,41.8934611,-89.3773216
n2o,2022-08-18,Wt-2,high,3,-0.05984933709467626,0.0353654345205306,47.3,21.6,41.8934611,-89.3773216
n2o,2022-08-18,Wt-2,high,4,0,0.12268058151636373,43.8,22.1,41.8934611,-89.3773216
n2o,2022-08-18,Wt-2,mid,5,0,0.16664315591748208,23.6,22.1,41.8934611,-89.3773216
n2o,2022-08-18,Wt-2,mid,6,0,0.26702067078653735,18.9,20.9,41.8934611,-89.3773216
n2o,2022-08-18,Wt-2,mid,7,0,0.3647535465205545,21.2,20.9,41.8934611,-89.3773216
n2o,2022-08-18,Wt-2,mid,8,0,0.4247944809614907,24.1,22.1,41.8934611,-89.3773216
n2o,2022-08-18,Wt-2,low,9,0,0.0916143964927425,15.4,20.7,41.8934611,-89.3773216
n2o,2022-08-18,Wt-2,low,10,0,0.05274227220405558,17.4,21.5,41.8934611,-89.3773216
n2o,2022-08-18,Wt-2,low,11,0,0.17344212616950364,18.2,21.6,41.8934611,-89.3773216
n2o,2022-08-18,Wt-2,low,12,0,0.3065725430692609,18.7,20.9,41.8934611,-89.3773216
n2o,2022-08-18,Wd-2,high,1,-0.15191395594490864,0.00230656854074162,3.2,20.5,41.894226,-89.3769692
n2o,2022-08-18,Wd-2,high,2,0,0.0907166121611488,3.7,21.1,41.894226,-89.3769692
n2o,2022-08-18,Wd-2,high,3,0,0.1834624672463755,2.3,21.2,41.894226,-89.3769692
n2o,2022-08-18,Wd-2,high,4,0,0.5705383409823794,3.4,22,41.894226,-89.3769692
n2o,2022-08-18,Wd-2,mid,5,0,0.46790740016417137,7.7,21.4,41.894226,-89.3769692
n2o,2022-08-18,Wd-2,mid,6,0,0.34037437016638183,5.4,21.1,41.894226,-89.3769692
n2o,2022-08-18,Wd-2,mid,7,0,0.42288047642947313,8.2,20.8,41.894226,-89.3769692
n2o,2022-08-18,Wd-2,mid,8,0,0.5726283931688402,8.9,21.6,41.894226,-89.3769692
n2o,2022-08-18,Wd-2,low,9,0,0.3974762364669231,8.1,21.6,41.894226,-89.3769692
n2o,2022-08-18,Wd-2,low,10,0,0.10664731159099627,9.7,21.3,41.894226,-89.3769692
n2o,2022-08-18,Wd-2,low,11,0,0.45359951948971394,13.1,21.6,41.894226,-89.3769692
n2o,2022-08-18,Wd-2,low,12,0,0.4249358991527053,10.2,22.3,41.894226,-89.3769692
co2,2022-09-24,Pr-1,high,1,1.7686497916264052,6.227406689380063e-4,14.5,16.1,41.8938255,-89.3757784
co2,2022-09-24,Pr-1,high,2,2.597013472605466,2.8704521986033517e-5,17,15.9,41.8938255,-89.3757784
co2,2022-09-24,Pr-1,high,3,2.7843458932484086,2.2805522766996893e-5,14.5,16.2,41.8938255,-89.3757784
co2,2022-09-24,Pr-1,high,4,2.7349852777142467,1.6902017575967746e-4,14.1,15.8,41.8938255,-89.3757784
co2,2022-09-24,Pr-1,mid,5,2.6729479835450243,2.8343933237205443e-4,18.9,16.4,41.8938255,-89.3757784
co2,2022-09-24,Pr-1,mid,6,2.902833695589377,9.821212236468317e-5,19.9,16.3,41.8938255,-89.3757784
co2,2022-09-24,Pr-1,mid,7,2.0094008559813283,0.00108982007530117,20.3,16,41.8938255,-89.3757784
co2,2022-09-24,Pr-1,mid,8,2.689738192555691,1.6827466199842114e-4,22.2,16.1,41.8938255,-89.3757784
co2,2022-09-24,Pr-1,low,9,3.597229565831088,3.1699622074858987e-4,17,16.3,41.8938255,-89.3757784
co2,2022-09-24,Pr-1,low,10,3.2682446258916564,1.1366438364363808e-5,17.7,16.3,41.8938255,-89.3757784
co2,2022-09-24,Pr-1,low,11,3.280770717019029,4.528843684877998e-5,21.6,16.1,41.8938255,-89.3757784
co2,2022-09-24,Pr-1,low,12,3.247463959236676,1.138268137407548e-4,19.7,16.2,41.8938255,-89.3757784
co2,2022-09-24,Wd-1,high,1,1.7152156660091675,8.898397471567829e-5,5.2,15.9,41.8944391,-89.3792934
co2,2022-09-24,Wd-1,high,2,0.7295242671492074,0.00147376662909233,6.6,16.1,41.8944391,-89.3792934
co2,2022-09-24,Wd-1,high,3,1.1612498323870677,4.53335855590976e-6,6.1,16.2,41.8944391,-89.3792934
co2,2022-09-24,Wd-1,high,4,2.233141812646898,8.18226191488062e-5,3.9,16.5,41.8944391,-89.3792934
co2,2022-09-24,Wd-1,mid,5,1.868684250386244,3.6051990072027534e-4,5,16.7,41.8944391,-89.3792934
co2,2022-09-24,Wd-1,mid,6,1.4400437902485688,6.014319099890948e-5,6.8,16.3,41.8944391,-89.3792934
co2,2022-09-24,Wd-1,mid,7,1.3047196742628733,2.599777721822305e-4,10.6,16.8,41.8944391,-89.3792934
co2,2022-09-24,Wd-1,mid,8,1.3846119860647452,4.7319013037924306e-4,4.7,16.8,41.8944391,-89.3792934
co2,2022-09-24,Wd-1,low,9,1.5093235701544188,9.470977474592128e-4,6.6,17.6,41.8944391,-89.3792934
co2,2022-09-24,Wd-1,low,10,1.9063014745777984,1.1124074585343892e-4,6.3,17.2,41.8944391,-89.3792934
co2,2022-09-24,Wd-1,low,11,1.906162554686926,9.812735272960498e-5,9.2,17,41.8944391,-89.3792934
co2,2022-09-24,Wd-1,low,12,2.3768670250699775,9.719496771695751e-6,2.1,17.6,41.8944391,-89.3792934
co2,2022-09-24,Wt-1,high,1,2.219220588772386,1.031611771106932e-4,9.7,18.4,41.8942857,-89.3780569
co2,2022-09-24,Wt-1,high,2,2.3895405123228852,3.383620007105988e-4,8.1,18.4,41.8942857,-89.3780569
co2,2022-09-24,Wt-1,high,3,2.6325616672786656,0.00100254714034956,11.7,18.6,41.8942857,-89.3780569
co2,2022-09-24,Wt-1,high,4,2.4626614471453085,3.457283523542393e-4,12.8,18.3,41.8942857,-89.3780569
co2,2022-09-24,Wt-1,mid,5,2.2508826124403867,5.541193659556244e-5,3.3,19.6,41.8942857,-89.3780569
co2,2022-09-24,Wt-1,mid,6,2.27661593852199,1.434058364536901e-4,7.3,19.2,41.8942857,-89.3780569
co2,2022-09-24,Wt-1,mid,7,2.2213913112629196,9.859511983689351e-5,8.7,19.2,41.8942857,-89.3780569
co2,2022-09-24,Wt-1,mid,8,2.2123518156099884,1.0366705624190036e-4,8,19.2,41.8942857,-89.3780569
co2,2022-09-24,Wt-1,low,9,1.9300540950623344,5.288108962736548e-4,7.1,19.3,41.8942857,-89.3780569
co2,2022-09-24,Wt-1,low,10,1.5941932562386931,5.19183069585276e-4,5.3,19.3,41.8942857,-89.3780569
co2,2022-09-24,Wt-1,low,11,1.853324858461506,6.816050408821159e-4,2.5,19.2,41.8942857,-89.3780569
co2,2022-09-24,Wt-1,low,12,1.622742269021998,4.600949908571621e-4,9.9,18.8,41.8942857,-89.3780569
co2,2022-09-24,Pr-2,high,1,1.84655488450078,2.3569811986810175e-4,10.4,16.1,41.8948141,-89.3770264
co2,2022-09-24,Pr-2,high,2,1.9151343524464417,8.667874329336963e-4,10.3,15.8,41.8948141,-89.3770264
co2,2022-09-24,Pr-2,high,3,1.8462635633377888,0.0016686769545763,9.7,16.2,41.8948141,-89.3770264
co2,2022-09-24,Pr-2,high,4,NA,0.16174375082151027,11.3,16,41.8948141,-89.3770264
co2,2022-09-24,Pr-2,mid,5,2.086499577427071,2.31949377365243e-4,11.2,16.3,41.8948141,-89.3770264
co2,2022-09-24,Pr-2,mid,6,2.6444386218258615,7.941460649812636e-5,13.8,16.4,41.8948141,-89.3770264
co2,2022-09-24,Pr-2,mid,7,1.631778600725153,4.580835448350765e-4,13.6,16.4,41.8948141,-89.3770264
co2,2022-09-24,Pr-2,mid,8,2.293258513173591,5.590894746024983e-5,13,16.1,41.8948141,-89.3770264
co2,2022-09-24,Pr-2,low,9,2.644516810419225,5.672384987248165e-4,16.1,15.4,41.8948141,-89.3770264
co2,2022-09-24,Pr-2,low,10,1.907161914895143,1.8969869684731927e-4,16.3,16.4,41.8948141,-89.3770264
co2,2022-09-24,Pr-2,low,11,2.9868325682227135,1.7341236161119217e-5,16.5,16,41.8948141,-89.3770264
co2,2022-09-24,Pr-2,low,12,3.2524645230751243,0.00103881271070694,17,15.9,41.8948141,-89.3770264
co2,2022-09-24,Wt-2,high,1,2.544584026909672,4.4498697080564705e-4,39.2,16.1,41.8934611,-89.3773216
co2,2022-09-24,Wt-2,high,2,1.8570390075593424,1.105255593680969e-4,40.2,16.2,41.8934611,-89.3773216
co2,2022-09-24,Wt-2,high,3,1.7147003404734171,6.222301371009724e-5,50.6,16.4,41.8934611,-89.3773216
co2,2022-09-24,Wt-2,high,4,1.6861899601084336,5.000179550727186e-4,47.2,16.1,41.8934611,-89.3773216
co2,2022-09-24,Wt-2,mid,5,2.4351173132500543,6.114573335917417e-5,23.8,16.3,41.8934611,-89.3773216
co2,2022-09-24,Wt-2,mid,6,1.7654104150982042,2.220676881076775e-5,30.2,16.2,41.8934611,-89.3773216
co2,2022-09-24,Wt-2,mid,7,1.8784420513173108,3.5234786121844822e-6,27,16.2,41.8934611,-89.3773216
co2,2022-09-24,Wt-2,mid,8,1.8918806080688864,9.16293995103343e-6,22.8,15.7,41.8934611,-89.3773216
co2,2022-09-24,Wt-2,low,9,3.3650663260522964,5.3599344687105274e-5,17.7,15.7,41.8934611,-89.3773216
co2,2022-09-24,Wt-2,low,10,2.6198109474389315,9.648563678725296e-5,18.9,15.5,41.8934611,-89.3773216
co2,2022-09-24,Wt-2,low,11,2.02698336935557,3.8332620887705234e-5,24.1,15.6,41.8934611,-89.3773216
co2,2022-09-24,Wt-2,low,12,1.462157350717216,6.350341827830586e-4,21.9,15.7,41.8934611,-89.3773216
co2,2022-09-24,Wd-2,high,1,2.020889712590867,1.150402504301536e-4,5.9,14.9,41.894226,-89.3769692
co2,2022-09-24,Wd-2,high,2,1.913992398360123,3.1124615145589264e-4,2.9,14.6,41.894226,-89.3769692
co2,2022-09-24,Wd-2,high,3,1.7793797595211596,5.338616688655131e-4,5.2,14.9,41.894226,-89.3769692
co2,2022-09-24,Wd-2,high,4,2.3746671771643952,5.4138913089332526e-5,5.4,15,41.894226,-89.3769692
co2,2022-09-24,Wd-2,mid,5,1.3186055301815138,7.34271336196168e-5,5.5,15.4,41.894226,-89.3769692
co2,2022-09-24,Wd-2,mid,6,1.7003066828276585,1.9381676998026705e-4,7.9,15.3,41.894226,-89.3769692
co2,2022-09-24,Wd-2,mid,7,2.031580093308657,0.00143887329716857,6.2,15.7,41.894226,-89.3769692
co2,2022-09-24,Wd-2,mid,8,1.534228227828448,0.00168610041636889,4.4,15.9,41.894226,-89.3769692
co2,2022-09-24,Wd-2,low,9,2.388596026322687,3.241146305318182e-5,5.3,16.1,41.894226,-89.3769692
co2,2022-09-24,Wd-2,low,10,2.0951435796917113,1.669777578356693e-5,10.5,16.2,41.894226,-89.3769692
co2,2022-09-24,Wd-2,low,11,2.24149341561828,1.619097522933603e-4,14,15.9,41.894226,-89.3769692
co2,2022-09-24,Wd-2,low,12,1.5855771566633188,5.254156880272639e-5,7.4,16,41.894226,-89.3769692
ch4,2022-09-24,Pr-1,high,1,0,0.15907238766474263,14.5,16.1,41.8938255,-89.3757784
ch4,2022-09-24,Pr-1,high,2,0,0.11422075477296777,17,15.9,41.8938255,-89.3757784
ch4,2022-09-24,Pr-1,high,3,0,0.3151636992253425,14.5,16.2,41.8938255,-89.3757784
ch4,2022-09-24,Pr-1,high,4,0,0.2638757109101115,14.1,15.8,41.8938255,-89.3757784
ch4,2022-09-24,Pr-1,mid,5,0,0.38715113008251,18.9,16.4,41.8938255,-89.3757784
ch4,2022-09-24,Pr-1,mid,6,0,0.4513195112126712,19.9,16.3,41.8938255,-89.3757784
ch4,2022-09-24,Pr-1,mid,7,0,0.5770716980164877,20.3,16,41.8938255,-89.3757784
ch4,2022-09-24,Pr-1,mid,8,0,0.2581179008199687,22.2,16.1,41.8938255,-89.3757784
ch4,2022-09-24,Pr-1,low,9,0,0.3305189490601038,17,16.3,41.8938255,-89.3757784
ch4,2022-09-24,Pr-1,low,10,0,0.33616670194731496,17.7,16.3,41.8938255,-89.3757784
ch4,2022-09-24,Pr-1,low,11,0,0.14995818101305658,21.6,16.1,41.8938255,-89.3757784
ch4,2022-09-24,Pr-1,low,12,0,0.21970880756298455,19.7,16.2,41.8938255,-89.3757784
ch4,2022-09-24,Wd-1,high,1,-1.2549409855863949,0.02047110447542477,5.2,15.9,41.8944391,-89.3792934
ch4,2022-09-24,Wd-1,high,2,-1.3497718195702435,0.02231540996549582,6.6,16.1,41.8944391,-89.3792934
ch4,2022-09-24,Wd-1,high,3,-1.9264844248256785,5.095175178809434e-4,6.1,16.2,41.8944391,-89.3792934
ch4,2022-09-24,Wd-1,high,4,-1.6491709560184054,0.01356510126792062,3.9,16.5,41.8944391,-89.3792934
ch4,2022-09-24,Wd-1,mid,5,-1.4181366772962292,0.01910389185362537,5,16.7,41.8944391,-89.3792934
ch4,2022-09-24,Wd-1,mid,6,-1.20588280136806,0.03711392779195151,6.8,16.3,41.8944391,-89.3792934
ch4,2022-09-24,Wd-1,mid,7,-1.2242002891541877,0.0136742343039895,10.6,16.8,41.8944391,-89.3792934
ch4,2022-09-24,Wd-1,mid,8,-1.6909273221434895,0.00939934892413725,4.7,16.8,41.8944391,-89.3792934
ch4,2022-09-24,Wd-1,low,9,0,0.06259431032830232,6.6,17.6,41.8944391,-89.3792934
ch4,2022-09-24,Wd-1,low,10,-1.7995399520050956,0.01764050059900111,6.3,17.2,41.8944391,-89.3792934
ch4,2022-09-24,Wd-1,low,11,-1.1421854012493495,0.03618650967509898,9.2,17,41.8944391,-89.3792934
ch4,2022-09-24,Wd-1,low,12,0,0.05498656801199177,2.1,17.6,41.8944391,-89.3792934
ch4,2022-09-24,Wt-1,high,1,0,0.08382745889331514,9.7,18.4,41.8942857,-89.3780569
ch4,2022-09-24,Wt-1,high,2,0,0.1630072638156083,8.1,18.4,41.8942857,-89.3780569
ch4,2022-09-24,Wt-1,high,3,0,0.06792645952371341,11.7,18.6,41.8942857,-89.3780569
ch4,2022-09-24,Wt-1,high,4,0,0.14244698374143175,12.8,18.3,41.8942857,-89.3780569
ch4,2022-09-24,Wt-1,mid,5,0,0.13866724911683856,3.3,19.6,41.8942857,-89.3780569
ch4,2022-09-24,Wt-1,mid,6,0,0.06344306371523455,7.3,19.2,41.8942857,-89.3780569
ch4,2022-09-24,Wt-1,mid,7,0,0.12595580466181674,8.7,19.2,41.8942857,-89.3780569
ch4,2022-09-24,Wt-1,mid,8,0,0.06695026404192435,8,19.2,41.8942857,-89.3780569
ch4,2022-09-24,Wt-1,low,9,-1.4596523640822705,0.03569045030558633,7.1,19.3,41.8942857,-89.3780569
ch4,2022-09-24,Wt-1,low,10,0,0.07250492801065672,5.3,19.3,41.8942857,-89.3780569
ch4,2022-09-24,Wt-1,low,11,0,0.16418039664989034,2.5,19.2,41.8942857,-89.3780569
ch4,2022-09-24,Wt-1,low,12,-1.266704780747883,0.04095236376184077,9.9,18.8,41.8942857,-89.3780569
ch4,2022-09-24,Pr-2,high,1,0,0.28151882936783484,10.4,16.1,41.8948141,-89.3770264
ch4,2022-09-24,Pr-2,high,2,0,0.33453002242866475,10.3,15.8,41.8948141,-89.3770264
ch4,2022-09-24,Pr-2,high,3,0,0.2942387005962834,9.7,16.2,41.8948141,-89.3770264
ch4,2022-09-24,Pr-2,high,4,0,0.3971065969921256,11.3,16,41.8948141,-89.3770264
ch4,2022-09-24,Pr-2,mid,5,0,0.19317054469244743,11.2,16.3,41.8948141,-89.3770264
ch4,2022-09-24,Pr-2,mid,6,0,0.1422870194695477,13.8,16.4,41.8948141,-89.3770264
ch4,2022-09-24,Pr-2,mid,7,0,0.17622105422097104,13.6,16.4,41.8948141,-89.3770264
ch4,2022-09-24,Pr-2,mid,8,0,0.2282280188420915,13,16.1,41.8948141,-89.3770264
ch4,2022-09-24,Pr-2,low,9,0,0.236077907533017,16.1,15.4,41.8948141,-89.3770264
ch4,2022-09-24,Pr-2,low,10,0,0.3884500471756789,16.3,16.4,41.8948141,-89.3770264
ch4,2022-09-24,Pr-2,low,11,0,0.48137024272880063,16.5,16,41.8948141,-89.3770264
ch4,2022-09-24,Pr-2,low,12,0,0.4289058006403867,17,15.9,41.8948141,-89.3770264
ch4,2022-09-24,Wt-2,high,1,0,0.5680854478401977,39.2,16.1,41.8934611,-89.3773216
ch4,2022-09-24,Wt-2,high,2,0,0.8245127218100572,40.2,16.2,41.8934611,-89.3773216
ch4,2022-09-24,Wt-2,high,3,0,0.12681118390416665,50.6,16.4,41.8934611,-89.3773216
ch4,2022-09-24,Wt-2,high,4,0,0.5080496640400345,47.2,16.1,41.8934611,-89.3773216
ch4,2022-09-24,Wt-2,mid,5,0,0.1840101981576864,23.8,16.3,41.8934611,-89.3773216
ch4,2022-09-24,Wt-2,mid,6,0,0.5762486125299663,30.2,16.2,41.8934611,-89.3773216
ch4,2022-09-24,Wt-2,mid,7,0,0.17736811844280953,27,16.2,41.8934611,-89.3773216
ch4,2022-09-24,Wt-2,mid,8,0,0.21934929393782188,22.8,15.7,41.8934611,-89.3773216
ch4,2022-09-24,Wt-2,low,9,0,0.1858681020264852,17.7,15.7,41.8934611,-89.3773216
ch4,2022-09-24,Wt-2,low,10,0,0.13505584727780096,18.9,15.5,41.8934611,-89.3773216
ch4,2022-09-24,Wt-2,low,11,0,0.08515398864007817,24.1,15.6,41.8934611,-89.3773216
ch4,2022-09-24,Wt-2,low,12,0,0.09156274529216914,21.9,15.7,41.8934611,-89.3773216
ch4,2022-09-24,Wd-2,high,1,0,0.07534146124999236,5.9,14.9,41.894226,-89.3769692
ch4,2022-09-24,Wd-2,high,2,-1.5395546459132954,0.01277590945419737,2.9,14.6,41.894226,-89.3769692
ch4,2022-09-24,Wd-2,high,3,-1.5854739068930417,0.02811061351471947,5.2,14.9,41.894226,-89.3769692
ch4,2022-09-24,Wd-2,high,4,0,0.09562194272080209,5.4,15,41.894226,-89.3769692
ch4,2022-09-24,Wd-2,mid,5,-2.006931170462668,0.02293313482960331,5.5,15.4,41.894226,-89.3769692
ch4,2022-09-24,Wd-2,mid,6,-1.8362102677117649,0.02050801958551224,7.9,15.3,41.894226,-89.3769692
ch4,2022-09-24,Wd-2,mid,7,-1.5920773357187876,0.04999873130005791,6.2,15.7,41.894226,-89.3769692
ch4,2022-09-24,Wd-2,mid,8,-1.4287095095010875,0.03074633702890024,4.4,15.9,41.894226,-89.3769692
ch4,2022-09-24,Wd-2,low,9,-1.2049598081717907,0.0320909913253147,5.3,16.1,41.894226,-89.3769692
ch4,2022-09-24,Wd-2,low,10,-1.7749775631771592,0.02153624235151657,10.5,16.2,41.894226,-89.3769692
ch4,2022-09-24,Wd-2,low,11,-1.3345251960973246,0.01602389464958773,14,15.9,41.894226,-89.3769692
ch4,2022-09-24,Wd-2,low,12,0,0.05286107651410195,7.4,16,41.894226,-89.3769692
n2o,2022-09-24,Pr-1,high,1,0,0.16371186630514112,14.5,16.1,41.8938255,-89.3757784
n2o,2022-09-24,Pr-1,high,2,0,0.1287993991470723,17,15.9,41.8938255,-89.3757784
n2o,2022-09-24,Pr-1,high,3,0,0.30867980866061095,14.5,16.2,41.8938255,-89.3757784
n2o,2022-09-24,Pr-1,high,4,0,0.0710266380008835,14.1,15.8,41.8938255,-89.3757784
n2o,2022-09-24,Pr-1,mid,5,0,0.06926847932038908,18.9,16.4,41.8938255,-89.3757784
n2o,2022-09-24,Pr-1,mid,6,0,0.17977215477610584,19.9,16.3,41.8938255,-89.3757784
n2o,2022-09-24,Pr-1,mid,7,0,0.19835176779364183,20.3,16,41.8938255,-89.3757784
n2o,2022-09-24,Pr-1,mid,8,0,0.10640317474661608,22.2,16.1,41.8938255,-89.3757784
n2o,2022-09-24,Pr-1,low,9,0,0.13788824981319625,17,16.3,41.8938255,-89.3757784
n2o,2022-09-24,Pr-1,low,10,0,0.12428167050824585,17.7,16.3,41.8938255,-89.3757784
n2o,2022-09-24,Pr-1,low,11,0,0.09359617350853083,21.6,16.1,41.8938255,-89.3757784
n2o,2022-09-24,Pr-1,low,12,0,0.1261305912010188,19.7,16.2,41.8938255,-89.3757784
n2o,2022-09-24,Wd-1,high,1,0,0.34003026274673165,5.2,15.9,41.8944391,-89.3792934
n2o,2022-09-24,Wd-1,high,2,0,0.30414275633239873,6.6,16.1,41.8944391,-89.3792934
n2o,2022-09-24,Wd-1,high,3,0,0.0763671697914579,6.1,16.2,41.8944391,-89.3792934
n2o,2022-09-24,Wd-1,high,4,0,0.2321667505523462,3.9,16.5,41.8944391,-89.3792934
n2o,2022-09-24,Wd-1,mid,5,0,0.38883730882064904,5,16.7,41.8944391,-89.3792934
n2o,2022-09-24,Wd-1,mid,6,0,0.15792858971832296,6.8,16.3,41.8944391,-89.3792934
n2o,2022-09-24,Wd-1,mid,7,0,0.4311877308892509,10.6,16.8,41.8944391,-89.3792934
n2o,2022-09-24,Wd-1,mid,8,0,0.2622868466271337,4.7,16.8,41.8944391,-89.3792934
n2o,2022-09-24,Wd-1,low,9,0,0.2576406380988348,6.6,17.6,41.8944391,-89.3792934
n2o,2022-09-24,Wd-1,low,10,0,0.2682865256631529,6.3,17.2,41.8944391,-89.3792934
n2o,2022-09-24,Wd-1,low,11,-0.0960360166798262,9.006143645453489e-4,9.2,17,41.8944391,-89.3792934
n2o,2022-09-24,Wd-1,low,12,0,0.23850169259999937,2.1,17.6,41.8944391,-89.3792934
n2o,2022-09-24,Wt-1,high,1,0,0.1845634023097348,9.7,18.4,41.8942857,-89.3780569
n2o,2022-09-24,Wt-1,high,2,0,0.29444146178943387,8.1,18.4,41.8942857,-89.3780569
n2o,2022-09-24,Wt-1,high,3,0,0.2941491758986293,11.7,18.6,41.8942857,-89.3780569
n2o,2022-09-24,Wt-1,high,4,0,0.12756957946952355,12.8,18.3,41.8942857,-89.3780569
n2o,2022-09-24,Wt-1,mid,5,0,0.12524098592060107,3.3,19.6,41.8942857,-89.3780569
n2o,2022-09-24,Wt-1,mid,6,0,0.15252475094172405,7.3,19.2,41.8942857,-89.3780569
n2o,2022-09-24,Wt-1,mid,7,-0.1313084194227241,0.03385730051979029,8.7,19.2,41.8942857,-89.3780569
n2o,2022-09-24,Wt-1,mid,8,0,0.07728133890852867,8,19.2,41.8942857,-89.3780569
n2o,2022-09-24,Wt-1,low,9,0,0.08167223533726282,7.1,19.3,41.8942857,-89.3780569
n2o,2022-09-24,Wt-1,low,10,0,0.2932166710714308,5.3,19.3,41.8942857,-89.3780569
n2o,2022-09-24,Wt-1,low,11,0,0.0667413443989797,2.5,19.2,41.8942857,-89.3780569
n2o,2022-09-24,Wt-1,low,12,-0.1681388428969744,0.01922446832960082,9.9,18.8,41.8942857,-89.3780569
n2o,2022-09-24,Pr-2,high,1,0,0.21399531002181177,10.4,16.1,41.8948141,-89.3770264
n2o,2022-09-24,Pr-2,high,2,0,0.08866470516777811,10.3,15.8,41.8948141,-89.3770264
n2o,2022-09-24,Pr-2,high,3,0,0.3997891049806015,9.7,16.2,41.8948141,-89.3770264
n2o,2022-09-24,Pr-2,high,4,0,0.06451040744154896,11.3,16,41.8948141,-89.3770264
n2o,2022-09-24,Pr-2,mid,5,0,0.1672252668275729,11.2,16.3,41.8948141,-89.3770264
n2o,2022-09-24,Pr-2,mid,6,0,0.0600386706396681,13.8,16.4,41.8948141,-89.3770264
n2o,2022-09-24,Pr-2,mid,7,0,0.13091597976928612,13.6,16.4,41.8948141,-89.3770264
n2o,2022-09-24,Pr-2,mid,8,0,0.2361124280782455,13,16.1,41.8948141,-89.3770264
n2o,2022-09-24,Pr-2,low,9,0,0.3871083782367084,16.1,15.4,41.8948141,-89.3770264
n2o,2022-09-24,Pr-2,low,10,0,0.20091730442404332,16.3,16.4,41.8948141,-89.3770264
n2o,2022-09-24,Pr-2,low,11,0,0.21233382264989645,16.5,16,41.8948141,-89.3770264
n2o,2022-09-24,Pr-2,low,12,0,0.05773747586497285,17,15.9,41.8948141,-89.3770264
n2o,2022-09-24,Wt-2,high,1,0,0.21635028089815245,39.2,16.1,41.8934611,-89.3773216
n2o,2022-09-24,Wt-2,high,2,0,0.11966197529680007,40.2,16.2,41.8934611,-89.3773216
n2o,2022-09-24,Wt-2,high,3,0,0.14310114026014698,50.6,16.4,41.8934611,-89.3773216
n2o,2022-09-24,Wt-2,high,4,0,0.08996137704813623,47.2,16.1,41.8934611,-89.3773216
n2o,2022-09-24,Wt-2,mid,5,0,0.10034762079461688,23.8,16.3,41.8934611,-89.3773216
n2o,2022-09-24,Wt-2,mid,6,0,0.06016496388964909,30.2,16.2,41.8934611,-89.3773216
n2o,2022-09-24,Wt-2,mid,7,-0.1924489142039881,0.04573431811446119,27,16.2,41.8934611,-89.3773216
n2o,2022-09-24,Wt-2,mid,8,0,0.11372522124649932,22.8,15.7,41.8934611,-89.3773216
n2o,2022-09-24,Wt-2,low,9,0,0.09200932326423895,17.7,15.7,41.8934611,-89.3773216
n2o,2022-09-24,Wt-2,low,10,0,0.09589298202366311,18.9,15.5,41.8934611,-89.3773216
n2o,2022-09-24,Wt-2,low,11,0,0.0981101230429187,24.1,15.6,41.8934611,-89.3773216
n2o,2022-09-24,Wt-2,low,12,0,0.14754975324547875,21.9,15.7,41.8934611,-89.3773216
n2o,2022-09-24,Wd-2,high,1,0,0.17701820015770114,5.9,14.9,41.894226,-89.3769692
n2o,2022-09-24,Wd-2,high,2,0,0.34725387728228546,2.9,14.6,41.894226,-89.3769692
n2o,2022-09-24,Wd-2,high,3,0,0.14984745455719842,5.2,14.9,41.894226,-89.3769692
n2o,2022-09-24,Wd-2,high,4,0,0.12442957574666438,5.4,15,41.894226,-89.3769692
n2o,2022-09-24,Wd-2,mid,5,0,0.1589279176056834,5.5,15.4,41.894226,-89.3769692
n2o,2022-09-24,Wd-2,mid,6,0,0.11508911606166276,7.9,15.3,41.894226,-89.3769692
n2o,2022-09-24,Wd-2,mid,7,0,0.2561831376507646,6.2,15.7,41.894226,-89.3769692
n2o,2022-09-24,Wd-2,mid,8,-0.3906357409587632,0.038608805348664,4.4,15.9,41.894226,-89.3769692
n2o,2022-09-24,Wd-2,low,9,0,0.10620595647051392,5.3,16.1,41.894226,-89.3769692
n2o,2022-09-24,Wd-2,low,10,-0.218784150290356,0.04811996420136356,10.5,16.2,41.894226,-89.3769692
n2o,2022-09-24,Wd-2,low,11,0,0.333812659879048,14,15.9,41.894226,-89.3769692
n2o,2022-09-24,Wd-2,low,12,0,0.2803882888301875,7.4,16,41.894226,-89.3769692
co2,2022-10-22,Pr-1,high,1,0.8297291997509938,5.958075022483074e-4,13.4,9.2,41.8938255,-89.3757784
co2,2022-10-22,Pr-1,high,2,0.7019082731102649,2.706773439941115e-4,12.9,9.6,41.8938255,-89.3757784
co2,2022-10-22,Pr-1,high,3,NA,0.05697733746098301,16.1,9.4,41.8938255,-89.3757784
co2,2022-10-22,Pr-1,high,4,0.879422309232554,8.669165592607905e-5,18.1,9.3,41.8938255,-89.3757784
co2,2022-10-22,Pr-1,mid,5,0.938844706519046,3.367103320288879e-6,15.3,11.1,41.8938255,-89.3757784
co2,2022-10-22,Pr-1,mid,6,1.040663949309954,1.4167970911926996e-5,16,10.4,41.8938255,-89.3757784
co2,2022-10-22,Pr-1,mid,7,1.1418763087810364,1.0153329643543073e-6,16.7,10.3,41.8938255,-89.3757784
co2,2022-10-22,Pr-1,mid,8,0.8162977540016502,4.2352728746289993e-4,18.4,9.9,41.8938255,-89.3757784
co2,2022-10-22,Pr-1,low,9,1.0674514124993173,4.413484572461742e-4,6.6,13.6,41.8938255,-89.3757784
co2,2022-10-22,Pr-1,low,10,1.4786493874170372,3.810019801225499e-4,8.9,12.7,41.8938255,-89.3757784
co2,2022-10-22,Pr-1,low,11,0.937069187253036,4.808352503525109e-4,9.2,12.4,41.8938255,-89.3757784
co2,2022-10-22,Pr-1,low,12,1.353042243542163,2.5072027335225344e-4,9.4,12,41.8938255,-89.3757784
co2,2022-10-22,Wd-1,high,1,0.7568887398596392,6.55367492041317e-4,3.6,11.3,41.8944391,-89.3792934
co2,2022-10-22,Wd-1,high,2,0.43378107386678066,1.4818045960665142e-5,3.7,11.3,41.8944391,-89.3792934
co2,2022-10-22,Wd-1,high,3,0.5027597500533093,3.008602729858868e-4,3.1,11.3,41.8944391,-89.3792934
co2,2022-10-22,Wd-1,high,4,1.1929916405576912,1.307357930946876e-5,2.5,11.7,41.8944391,-89.3792934
co2,2022-10-22,Wd-1,mid,5,1.1360809743778255,6.656674509428561e-5,4.2,11.1,41.8944391,-89.3792934
co2,2022-10-22,Wd-1,mid,6,0.7079502947263195,2.2481923851425448e-4,4.9,11.4,41.8944391,-89.3792934
co2,2022-10-22,Wd-1,mid,7,0.6805503922506174,4.710103820324878e-5,4.9,11.3,41.8944391,-89.3792934
co2,2022-10-22,Wd-1,mid,8,0.8368831997710234,0.00294919825405798,3.2,11.7,41.8944391,-89.3792934
co2,2022-10-22,Wd-1,low,9,0.9601518366890676,0.00265965521322837,4.2,11.3,41.8944391,-89.3792934
co2,2022-10-22,Wd-1,low,10,0.9677205158373382,1.0995614305329371e-4,3.6,11.4,41.8944391,-89.3792934
co2,2022-10-22,Wd-1,low,11,1.2790230014730086,6.390908088181416e-5,3.9,11.6,41.8944391,-89.3792934
co2,2022-10-22,Wd-1,low,12,0.7609248358571787,9.735678477766572e-4,3.1,12.2,41.8944391,-89.3792934
co2,2022-10-22,Wt-1,high,1,1.2625348842933304,4.505556487085432e-4,10.2,12.6,41.8942857,-89.3780569
co2,2022-10-22,Wt-1,high,2,1.309028781157938,0.00113540463623579,7.6,12.4,41.8942857,-89.3780569
co2,2022-10-22,Wt-1,high,3,1.7461337697676764,4.456229521432605e-5,8,12.4,41.8942857,-89.3780569
co2,2022-10-22,Wt-1,high,4,1.5763181295550108,4.0275615380951817e-4,9.6,11.8,41.8942857,-89.3780569
co2,2022-10-22,Wt-1,mid,5,1.4774426171863115,2.773403290606284e-6,3.3,12.6,41.8942857,-89.3780569
co2,2022-10-22,Wt-1,mid,6,1.6600365791993517,5.29081929004889e-4,7.1,12.8,41.8942857,-89.3780569
co2,2022-10-22,Wt-1,mid,7,1.220229568724311,2.9898710910377144e-4,8.1,13.6,41.8942857,-89.3780569
co2,2022-10-22,Wt-1,mid,8,1.58768108289701,1.6009417555140856e-4,6.3,12.7,41.8942857,-89.3780569
co2,2022-10-22,Wt-1,low,9,1.333503386474959,1.2682424557888014e-4,5.2,14.6,41.8942857,-89.3780569
co2,2022-10-22,Wt-1,low,10,1.136955004389139,3.275423218309598e-6,3.8,15.9,41.8942857,-89.3780569
co2,2022-10-22,Wt-1,low,11,1.0472010162701393,1.8163418516855623e-4,3.6,15.7,41.8942857,-89.3780569
co2,2022-10-22,Wt-1,low,12,1.2094318621870688,1.6805454424824302e-4,7.1,15.1,41.8942857,-89.3780569
co2,2022-10-22,Pr-2,high,1,1.0758271110489128,2.144996513124374e-5,9.1,12.3,41.8948141,-89.3770264
co2,2022-10-22,Pr-2,high,2,0.8914485067119741,2.337762076285935e-4,9,12.6,41.8948141,-89.3770264
co2,2022-10-22,Pr-2,high,3,1.220201145639194,3.000230467827752e-4,7.4,12.6,41.8948141,-89.3770264
co2,2022-10-22,Pr-2,high,4,0.8816782614464449,2.007241393423444e-4,8.6,12.2,41.8948141,-89.3770264
co2,2022-10-22,Pr-2,mid,5,1.830899444086412,9.21253343683482e-5,9.6,13.1,41.8948141,-89.3770264
co2,2022-10-22,Pr-2,mid,6,1.4375175235970252,7.297445380817086e-5,8.8,11.7,41.8948141,-89.3770264
co2,2022-10-22,Pr-2,mid,7,1.0149805893358386,5.6793056637845736e-5,11,11.2,41.8948141,-89.3770264
co2,2022-10-22,Pr-2,mid,8,1.0867119209435794,0.00127944833453611,8.7,10.4,41.8948141,-89.3770264
co2,2022-10-22,Pr-2,low,9,1.4232295036900908,7.591454011889872e-4,9.2,12.6,41.8948141,-89.3770264
co2,2022-10-22,Pr-2,low,10,1.4409029619855556,1.2993873805889308e-5,12.9,12.1,41.8948141,-89.3770264
co2,2022-10-22,Pr-2,low,11,1.361592390778125,5.532898518537852e-4,12.5,12.3,41.8948141,-89.3770264
co2,2022-10-22,Pr-2,low,12,1.8419983187308633,7.665689432842428e-6,19.5,11.1,41.8948141,-89.3770264
co2,2022-10-22,Wt-2,high,1,1.0101395182147737,0.00169271198657602,40.3,9.3,41.8934611,-89.3773216
co2,2022-10-22,Wt-2,high,2,0.9765953726039734,3.568942655748759e-4,44,9.6,41.8934611,-89.3773216
co2,2022-10-22,Wt-2,high,3,0.9582940799583884,4.954762234150607e-4,44.3,10.2,41.8934611,-89.3773216
co2,2022-10-22,Wt-2,high,4,0.9531629650966896,1.0961438617072966e-5,45.8,9.5,41.8934611,-89.3773216
co2,2022-10-22,Wt-2,mid,5,1.0585473709505044,3.047261926778184e-4,31.5,8.4,41.8934611,-89.3773216
co2,2022-10-22,Wt-2,mid,6,0.8208486513853442,2.3869962971755136e-5,28.1,8.2,41.8934611,-89.3773216
co2,2022-10-22,Wt-2,mid,7,0.90524418097701,1.2473008828945832e-5,24.8,8.4,41.8934611,-89.3773216
co2,2022-10-22,Wt-2,mid,8,0.9875199761331004,5.307957250311847e-5,25,8.8,41.8934611,-89.3773216
co2,2022-10-22,Wt-2,low,9,1.3640926369110276,3.0600636129757856e-5,15.7,8.9,41.8934611,-89.3773216
co2,2022-10-22,Wt-2,low,10,1.1396968999560673,3.195131753952772e-4,17.4,8.6,41.8934611,-89.3773216
co2,2022-10-22,Wt-2,low,11,0.8697479798574063,6.924227836725161e-6,22.9,8.4,41.8934611,-89.3773216
co2,2022-10-22,Wt-2,low,12,0.934126464588948,2.9401677193348013e-6,9.2,8.4,41.8934611,-89.3773216
co2,2022-10-22,Wd-2,high,1,NA,0.9511974740064624,3.5,13.5,41.894226,-89.3769692
co2,2022-10-22,Wd-2,high,2,1.0410619362115765,0.00166671651687175,3.9,13.8,41.894226,-89.3769692
co2,2022-10-22,Wd-2,high,3,1.3874852030977118,1.7225542100219167e-4,3.7,13.8,41.894226,-89.3769692
co2,2022-10-22,Wd-2,high,4,1.954464282772478,4.962313364262224e-4,4.1,13.6,41.894226,-89.3769692
co2,2022-10-22,Wd-2,mid,5,1.0121838452850207,4.6765610312846974e-4,3.8,13.7,41.894226,-89.3769692
co2,2022-10-22,Wd-2,mid,6,1.116041443173175,0.00441447977858922,4.5,14.4,41.894226,-89.3769692
co2,2022-10-22,Wd-2,mid,7,1.7042237626701002,6.932281005727556e-5,5,14,41.894226,-89.3769692
co2,2022-10-22,Wd-2,mid,8,1.163076929595425,2.2104726654940187e-4,2.8,13.5,41.894226,-89.3769692
co2,2022-10-22,Wd-2,low,9,1.7696967227811295,0.00175002800134348,3.2,18.4,41.894226,-89.3769692
co2,2022-10-22,Wd-2,low,10,NA,0.1694972748047451,4.1,18.4,41.894226,-89.3769692
co2,2022-10-22,Wd-2,low,11,1.597760854798706,2.1408534523005224e-4,6.5,18.7,41.894226,-89.3769692
co2,2022-10-22,Wd-2,low,12,0.902216136164834,0.00210995241846322,4.7,19.1,41.894226,-89.3769692
ch4,2022-10-22,Pr-1,high,1,0,0.2638522564317776,13.4,9.2,41.8938255,-89.3757784
ch4,2022-10-22,Pr-1,high,2,0,0.14060946364988575,12.9,9.6,41.8938255,-89.3757784
ch4,2022-10-22,Pr-1,high,3,0,0.5309545104388085,16.1,9.4,41.8938255,-89.3757784
ch4,2022-10-22,Pr-1,high,4,0,0.9217374106081552,18.1,9.3,41.8938255,-89.3757784
ch4,2022-10-22,Pr-1,mid,5,0,0.9426452036019416,15.3,11.1,41.8938255,-89.3757784
ch4,2022-10-22,Pr-1,mid,6,-0.48176144394979464,0.04175880662540997,16,10.4,41.8938255,-89.3757784
ch4,2022-10-22,Pr-1,mid,7,0,0.09436020743522792,16.7,10.3,41.8938255,-89.3757784
ch4,2022-10-22,Pr-1,mid,8,0,0.13237767381314156,18.4,9.9,41.8938255,-89.3757784
ch4,2022-10-22,Pr-1,low,9,-0.3695627239830383,0.04306312841651123,6.6,13.6,41.8938255,-89.3757784
ch4,2022-10-22,Pr-1,low,10,0,0.0689177091328793,8.9,12.7,41.8938255,-89.3757784
ch4,2022-10-22,Pr-1,low,11,0,0.2543755849698992,9.2,12.4,41.8938255,-89.3757784
ch4,2022-10-22,Pr-1,low,12,0,0.07089567655261549,9.4,12,41.8938255,-89.3757784
ch4,2022-10-22,Wd-1,high,1,-1.4077775307003202,6.901251235680304e-4,3.6,11.3,41.8944391,-89.3792934
ch4,2022-10-22,Wd-1,high,2,-1.5916973448341944,0.00165899752127524,3.7,11.3,41.8944391,-89.3792934
ch4,2022-10-22,Wd-1,high,3,-1.5340902666379823,0.00140887767400614,3.1,11.3,41.8944391,-89.3792934
ch4,2022-10-22,Wd-1,high,4,-1.0026032968784453,0.02188436211305443,2.5,11.7,41.8944391,-89.3792934
ch4,2022-10-22,Wd-1,mid,5,-1.333046618132052,0.00120743738640708,4.2,11.1,41.8944391,-89.3792934
ch4,2022-10-22,Wd-1,mid,6,-1.5945710428707431,0.01112171526216107,4.9,11.4,41.8944391,-89.3792934
ch4,2022-10-22,Wd-1,mid,7,-1.131952485421029,6.579970150950089e-4,4.9,11.3,41.8944391,-89.3792934
ch4,2022-10-22,Wd-1,mid,8,-1.542841050898017,0.00642944411514082,3.2,11.7,41.8944391,-89.3792934
ch4,2022-10-22,Wd-1,low,9,-1.1380270187507462,0.00858682131826981,4.2,11.3,41.8944391,-89.3792934
ch4,2022-10-22,Wd-1,low,10,-1.8640838601637235,0.00217878087928245,3.6,11.4,41.8944391,-89.3792934
ch4,2022-10-22,Wd-1,low,11,-1.0165394940364874,0.00678443195426889,3.9,11.6,41.8944391,-89.3792934
ch4,2022-10-22,Wd-1,low,12,-1.164800406971908,0.00328753025951851,3.1,12.2,41.8944391,-89.3792934
ch4,2022-10-22,Wt-1,high,1,-1.246443735638879,1.70703709373916e-4,10.2,12.6,41.8942857,-89.3780569
ch4,2022-10-22,Wt-1,high,2,0,0.05632842095947014,7.6,12.4,41.8942857,-89.3780569
ch4,2022-10-22,Wt-1,high,3,-0.7741178456664798,0.00512630466019997,8,12.4,41.8942857,-89.3780569
ch4,2022-10-22,Wt-1,high,4,0,0.09510057045217442,9.6,11.8,41.8942857,-89.3780569
ch4,2022-10-22,Wt-1,mid,5,-0.99020308005672,0.00159280956435388,3.3,12.6,41.8942857,-89.3780569
ch4,2022-10-22,Wt-1,mid,6,-0.9607767232221484,0.02344595655387768,7.1,12.8,41.8942857,-89.3780569
ch4,2022-10-22,Wt-1,mid,7,-1.130837821775827,0.02302667348960973,8.1,13.6,41.8942857,-89.3780569
ch4,2022-10-22,Wt-1,mid,8,0,0.06489116857838785,6.3,12.7,41.8942857,-89.3780569
ch4,2022-10-22,Wt-1,low,9,-1.013690803747988,0.01467035729932698,5.2,14.6,41.8942857,-89.3780569
ch4,2022-10-22,Wt-1,low,10,-1.0821208743945303,0.02269948363519608,3.8,15.9,41.8942857,-89.3780569
ch4,2022-10-22,Wt-1,low,11,-0.9210929032442984,0.02789757316605983,3.6,15.7,41.8942857,-89.3780569
ch4,2022-10-22,Wt-1,low,12,-1.2216131171702105,0.00298479692754951,7.1,15.1,41.8942857,-89.3780569
ch4,2022-10-22,Pr-2,high,1,0,0.4970259691737574,9.1,12.3,41.8948141,-89.3770264
ch4,2022-10-22,Pr-2,high,2,0,0.4675694196188956,9,12.6,41.8948141,-89.3770264
ch4,2022-10-22,Pr-2,high,3,0,0.4753512100088072,7.4,12.6,41.8948141,-89.3770264
ch4,2022-10-22,Pr-2,high,4,0,0.7136680253294694,8.6,12.2,41.8948141,-89.3770264
ch4,2022-10-22,Pr-2,mid,5,-0.986792716646934,0.04338989568133856,9.6,13.1,41.8948141,-89.3770264
ch4,2022-10-22,Pr-2,mid,6,0,0.29599103545974337,8.8,11.7,41.8948141,-89.3770264
ch4,2022-10-22,Pr-2,mid,7,0,0.2236531683059973,11,11.2,41.8948141,-89.3770264
ch4,2022-10-22,Pr-2,mid,8,0,0.24490078249253008,8.7,10.4,41.8948141,-89.3770264
ch4,2022-10-22,Pr-2,low,9,0,0.10779911540013253,9.2,12.6,41.8948141,-89.3770264
ch4,2022-10-22,Pr-2,low,10,-0.5773997842888906,0.02279593681987873,12.9,12.1,41.8948141,-89.3770264
ch4,2022-10-22,Pr-2,low,11,-0.3628814641279412,0.00109565055753115,12.5,12.3,41.8948141,-89.3770264
ch4,2022-10-22,Pr-2,low,12,0,0.09697204440050482,19.5,11.1,41.8948141,-89.3770264
ch4,2022-10-22,Wt-2,high,1,0,0.2933101925288654,40.3,9.3,41.8934611,-89.3773216
ch4,2022-10-22,Wt-2,high,2,0,0.470088034621735,44,9.6,41.8934611,-89.3773216
ch4,2022-10-22,Wt-2,high,3,0,0.08066228607284773,44.3,10.2,41.8934611,-89.3773216
ch4,2022-10-22,Wt-2,high,4,0,0.3759770562968343,45.8,9.5,41.8934611,-89.3773216
ch4,2022-10-22,Wt-2,mid,5,-0.4766441794826334,0.01190893818371259,31.5,8.4,41.8934611,-89.3773216
ch4,2022-10-22,Wt-2,mid,6,0,0.2568839355420154,28.1,8.2,41.8934611,-89.3773216
ch4,2022-10-22,Wt-2,mid,7,-0.5022810800832642,0.0119012293857664,24.8,8.4,41.8934611,-89.3773216
ch4,2022-10-22,Wt-2,mid,8,0,0.05701112625610142,25,8.8,41.8934611,-89.3773216
ch4,2022-10-22,Wt-2,low,9,-0.6857430086627389,0.01558374025773659,15.7,8.9,41.8934611,-89.3773216
ch4,2022-10-22,Wt-2,low,10,-0.6427257846892408,0.01624993088826415,17.4,8.6,41.8934611,-89.3773216
ch4,2022-10-22,Wt-2,low,11,0,0.5945567778302466,22.9,8.4,41.8934611,-89.3773216
ch4,2022-10-22,Wt-2,low,12,0,0.06191450961157488,9.2,8.4,41.8934611,-89.3773216
ch4,2022-10-22,Wd-2,high,1,0,0.8286246447719451,3.5,13.5,41.894226,-89.3769692
ch4,2022-10-22,Wd-2,high,2,-1.5233780290389092,0.00204702623363657,3.9,13.8,41.894226,-89.3769692
ch4,2022-10-22,Wd-2,high,3,-1.2197497898491787,0.00104954128317356,3.7,13.8,41.894226,-89.3769692
ch4,2022-10-22,Wd-2,high,4,-0.9456935347028788,0.02758220366896741,4.1,13.6,41.894226,-89.3769692
ch4,2022-10-22,Wd-2,mid,5,-1.6996858931800047,0.00430638931795279,3.8,13.7,41.894226,-89.3769692
ch4,2022-10-22,Wd-2,mid,6,-1.6711204460656173,0.00444590046585862,4.5,14.4,41.894226,-89.3769692
ch4,2022-10-22,Wd-2,mid,7,-1.8233460518559752,8.93501173833651e-4,5,14,41.894226,-89.3769692
ch4,2022-10-22,Wd-2,mid,8,-2.0717715658139206,0.00139906529272026,2.8,13.5,41.894226,-89.3769692
ch4,2022-10-22,Wd-2,low,9,-1.287581246027353,0.01204753477452476,3.2,18.4,41.894226,-89.3769692
ch4,2022-10-22,Wd-2,low,10,0,0.30584367725285644,4.1,18.4,41.894226,-89.3769692
ch4,2022-10-22,Wd-2,low,11,-1.6410948983706044,0.00273232379633748,6.5,18.7,41.894226,-89.3769692
ch4,2022-10-22,Wd-2,low,12,-0.895465412682172,0.0254316361327634,4.7,19.1,41.894226,-89.3769692
n2o,2022-10-22,Pr-1,high,1,0,0.8131019500236126,13.4,9.2,41.8938255,-89.3757784
n2o,2022-10-22,Pr-1,high,2,0,0.544937460030592,12.9,9.6,41.8938255,-89.3757784
n2o,2022-10-22,Pr-1,high,3,0,0.7777833924555427,16.1,9.4,41.8938255,-89.3757784
n2o,2022-10-22,Pr-1,high,4,0,0.06334605889423624,18.1,9.3,41.8938255,-89.3757784
n2o,2022-10-22,Pr-1,mid,5,0.08522387996058675,0.03893171499110414,15.3,11.1,41.8938255,-89.3757784
n2o,2022-10-22,Pr-1,mid,6,0,0.7857664645729472,16,10.4,41.8938255,-89.3757784
n2o,2022-10-22,Pr-1,mid,7,0,0.9886926089981604,16.7,10.3,41.8938255,-89.3757784
n2o,2022-10-22,Pr-1,mid,8,0,0.3960531277073559,18.4,9.9,41.8938255,-89.3757784
n2o,2022-10-22,Pr-1,low,9,0.11770363628885248,0.02533957814537121,6.6,13.6,41.8938255,-89.3757784
n2o,2022-10-22,Pr-1,low,10,0.08796054834482181,0.00575802571070093,8.9,12.7,41.8938255,-89.3757784
n2o,2022-10-22,Pr-1,low,11,0.07895097926198312,0.00938062914192876,9.2,12.4,41.8938255,-89.3757784
n2o,2022-10-22,Pr-1,low,12,0,0.7518491426422604,9.4,12,41.8938255,-89.3757784
n2o,2022-10-22,Wd-1,high,1,0,0.35987605776061315,3.6,11.3,41.8944391,-89.3792934
n2o,2022-10-22,Wd-1,high,2,0,0.7856945084996031,3.7,11.3,41.8944391,-89.3792934
n2o,2022-10-22,Wd-1,high,3,0.04864194577408161,0.04523593126993036,3.1,11.3,41.8944391,-89.3792934
n2o,2022-10-22,Wd-1,high,4,0.05165439327141231,0.0012416359243676,2.5,11.7,41.8944391,-89.3792934
n2o,2022-10-22,Wd-1,mid,5,0,0.05300607127438319,4.2,11.1,41.8944391,-89.3792934
n2o,2022-10-22,Wd-1,mid,6,0,0.2440849124805449,4.9,11.4,41.8944391,-89.3792934
n2o,2022-10-22,Wd-1,mid,7,0,0.3768753235979473,4.9,11.3,41.8944391,-89.3792934
n2o,2022-10-22,Wd-1,mid,8,0.0756340467890372,0.0063657522145299,3.2,11.7,41.8944391,-89.3792934
n2o,2022-10-22,Wd-1,low,9,0,0.21078281704426657,4.2,11.3,41.8944391,-89.3792934
n2o,2022-10-22,Wd-1,low,10,0,0.25172189946929624,3.6,11.4,41.8944391,-89.3792934
n2o,2022-10-22,Wd-1,low,11,0,0.25556790498438436,3.9,11.6,41.8944391,-89.3792934
n2o,2022-10-22,Wd-1,low,12,0.09363316179289231,0.03277728341496513,3.1,12.2,41.8944391,-89.3792934
n2o,2022-10-22,Wt-1,high,1,0,0.1759303942212497,10.2,12.6,41.8942857,-89.3780569
n2o,2022-10-22,Wt-1,high,2,0,0.8474801235191561,7.6,12.4,41.8942857,-89.3780569
n2o,2022-10-22,Wt-1,high,3,0,0.6657764270780322,8,12.4,41.8942857,-89.3780569
n2o,2022-10-22,Wt-1,high,4,0,0.9858396353947844,9.6,11.8,41.8942857,-89.3780569
n2o,2022-10-22,Wt-1,mid,5,0,0.7677581398638925,3.3,12.6,41.8942857,-89.3780569
n2o,2022-10-22,Wt-1,mid,6,0,0.0956264946743659,7.1,12.8,41.8942857,-89.3780569
n2o,2022-10-22,Wt-1,mid,7,0,0.3283287238580591,8.1,13.6,41.8942857,-89.3780569
n2o,2022-10-22,Wt-1,mid,8,0.05890277460936785,0.04384759211098025,6.3,12.7,41.8942857,-89.3780569
n2o,2022-10-22,Wt-1,low,9,0,0.13816067554090217,5.2,14.6,41.8942857,-89.3780569
n2o,2022-10-22,Wt-1,low,10,0,0.23884369467863684,3.8,15.9,41.8942857,-89.3780569
n2o,2022-10-22,Wt-1,low,11,0,0.08161906892154558,3.6,15.7,41.8942857,-89.3780569
n2o,2022-10-22,Wt-1,low,12,0,0.1952347663428557,7.1,15.1,41.8942857,-89.3780569
n2o,2022-10-22,Pr-2,high,1,0,0.3895249010801251,9.1,12.3,41.8948141,-89.3770264
n2o,2022-10-22,Pr-2,high,2,0,0.4089896776208461,9,12.6,41.8948141,-89.3770264
n2o,2022-10-22,Pr-2,high,3,0,0.2070187918289194,7.4,12.6,41.8948141,-89.3770264
n2o,2022-10-22,Pr-2,high,4,0,0.9704347196137052,8.6,12.2,41.8948141,-89.3770264
n2o,2022-10-22,Pr-2,mid,5,0,0.7543172157455352,9.6,13.1,41.8948141,-89.3770264
n2o,2022-10-22,Pr-2,mid,6,0,0.1066654904805349,8.8,11.7,41.8948141,-89.3770264
n2o,2022-10-22,Pr-2,mid,7,0,0.7957316338762142,11,11.2,41.8948141,-89.3770264
n2o,2022-10-22,Pr-2,mid,8,-0.06684896698099481,0.02472555342871929,8.7,10.4,41.8948141,-89.3770264
n2o,2022-10-22,Pr-2,low,9,0,0.6280205673514903,9.2,12.6,41.8948141,-89.3770264
n2o,2022-10-22,Pr-2,low,10,0,0.1736272388758321,12.9,12.1,41.8948141,-89.3770264
n2o,2022-10-22,Pr-2,low,11,0,0.8888694515863628,12.5,12.3,41.8948141,-89.3770264
n2o,2022-10-22,Pr-2,low,12,0,0.264513080442991,19.5,11.1,41.8948141,-89.3770264
n2o,2022-10-22,Wt-2,high,1,-0.04075760783222645,0.0180379335859311,40.3,9.3,41.8934611,-89.3773216
n2o,2022-10-22,Wt-2,high,2,0,0.8057764059870676,44,9.6,41.8934611,-89.3773216
n2o,2022-10-22,Wt-2,high,3,0,0.4764039610011472,44.3,10.2,41.8934611,-89.3773216
n2o,2022-10-22,Wt-2,high,4,0,0.689489288654062,45.8,9.5,41.8934611,-89.3773216
n2o,2022-10-22,Wt-2,mid,5,0,0.7847176523825808,31.5,8.4,41.8934611,-89.3773216
n2o,2022-10-22,Wt-2,mid,6,0,0.4664777728755746,28.1,8.2,41.8934611,-89.3773216
n2o,2022-10-22,Wt-2,mid,7,0,0.21681833744422116,24.8,8.4,41.8934611,-89.3773216
n2o,2022-10-22,Wt-2,mid,8,0,0.13347540704311317,25,8.8,41.8934611,-89.3773216
n2o,2022-10-22,Wt-2,low,9,0,0.25039128913492675,15.7,8.9,41.8934611,-89.3773216
n2o,2022-10-22,Wt-2,low,10,0,0.46100402684168046,17.4,8.6,41.8934611,-89.3773216
n2o,2022-10-22,Wt-2,low,11,0,0.7897688988082099,22.9,8.4,41.8934611,-89.3773216
n2o,2022-10-22,Wt-2,low,12,0,0.6492436608272982,9.2,8.4,41.8934611,-89.3773216
n2o,2022-10-22,Wd-2,high,1,0.04025977725630264,0.03141080103061502,3.5,13.5,41.894226,-89.3769692
n2o,2022-10-22,Wd-2,high,2,0,0.4604105005887748,3.9,13.8,41.894226,-89.3769692
n2o,2022-10-22,Wd-2,high,3,0,0.43748272083755374,3.7,13.8,41.894226,-89.3769692
n2o,2022-10-22,Wd-2,high,4,0,0.472970026167495,4.1,13.6,41.894226,-89.3769692
n2o,2022-10-22,Wd-2,mid,5,0,0.3674115726632923,3.8,13.7,41.894226,-89.3769692
n2o,2022-10-22,Wd-2,mid,6,0,0.8205410851070085,4.5,14.4,41.894226,-89.3769692
n2o,2022-10-22,Wd-2,mid,7,0,0.3757124810432092,5,14,41.894226,-89.3769692
n2o,2022-10-22,Wd-2,mid,8,0,0.439548478641375,2.8,13.5,41.894226,-89.3769692
n2o,2022-10-22,Wd-2,low,9,0,0.12728415744908306,3.2,18.4,41.894226,-89.3769692
n2o,2022-10-22,Wd-2,low,10,0,0.2741093982490949,4.1,18.4,41.894226,-89.3769692
n2o,2022-10-22,Wd-2,low,11,0,0.36015517760386523,6.5,18.7,41.894226,-89.3769692
n2o,2022-10-22,Wd-2,low,12,0,0.3252078778056391,4.7,19.1,41.894226,-89.3769692
