ecosystem,rep,gas,estimate,p.value,flux,units,date,transect,soil_moisture,soil_temperature
BP,1,co2,15.715194960847782,6.28718650514961e-5,1.801330392675594,umol_m2_s1,2022-07-12,high,NA,NA
BP,2,co2,16.995279108880514,0.00255669709540011,1.916044769003988,umol_m2_s1,2022-07-12,high,NA,NA
BP,3,co2,18.832295618808494,2.77099699151319e-5,2.241597833716371,umol_m2_s1,2022-07-12,high,NA,NA
BP,4,co2,15.219423270848049,3.2937535244190126e-4,1.726129614269716,umol_m2_s1,2022-07-12,high,NA,NA
BP,5,co2,30.55483642238912,1.7049547248168434e-5,3.1903449094036422,umol_m2_s1,2022-07-12,mid,NA,NA
BP,6,co2,24.052212793111043,0.00248130037683093,2.874502545727827,umol_m2_s1,2022-07-12,mid,NA,NA
BP,7,co2,24.59247943576003,7.02795255967765e-4,2.7272586391658025,umol_m2_s1,2022-07-12,mid,NA,NA
BP,8,co2,22.238237089200695,0.00250435527854222,2.4554005182613134,umol_m2_s1,2022-07-12,mid,NA,NA
BP,9,co2,13.955143057249169,0.04257976486278013,1.7790495000954625,umol_m2_s1,2022-07-12,low,NA,NA
BP,10,co2,24.555894941736405,2.504838024720009e-4,3.262700366083596,umol_m2_s1,2022-07-12,low,NA,NA
BP,11,co2,25.240125945788495,5.274821554136531e-4,3.229573642339709,umol_m2_s1,2022-07-12,low,NA,NA
BP,12,co2,23.590343426251263,0.00263831825125038,3.0377923936910887,umol_m2_s1,2022-07-12,low,NA,NA
EW,1,co2,22.734046958693877,3.481292970434305e-4,2.1723574670963486,umol_m2_s1,2022-07-12,high,NA,NA
EW,2,co2,6.881945137509716,0.05218120509632005,0.5944122210610284,umol_m2_s1,2022-07-12,high,NA,NA
EW,3,co2,10.75936651424591,0.00818842678335092,0.9273515696613064,umol_m2_s1,2022-07-12,high,NA,NA
EW,4,co2,24.39324881332016,2.6990987507039625e-5,2.293612108333991,umol_m2_s1,2022-07-12,high,NA,NA
EW,5,co2,22.96865792207484,0.00134220341751368,2.123078272047319,umol_m2_s1,2022-07-12,mid,NA,NA
EW,6,co2,20.004584207974354,3.995360979715412e-4,1.9132718102853257,umol_m2_s1,2022-07-12,mid,NA,NA
EW,7,co2,22.9110010848776,0.00237550265761411,1.7450595970448468,umol_m2_s1,2022-07-12,mid,NA,NA
EW,8,co2,16.508936843404513,0.00257282376344671,1.83110979723139,umol_m2_s1,2022-07-12,mid,NA,NA
EW,9,co2,22.39732941611691,0.00118775253295593,2.334405347792759,umol_m2_s1,2022-07-12,low,NA,NA
EW,10,co2,18.609604989866313,0.00167577644555265,1.950828518823318,umol_m2_s1,2022-07-12,low,NA,NA
EW,11,co2,17.049159646136683,3.2513223211915615e-4,1.768855972611454,umol_m2_s1,2022-07-12,low,NA,NA
EW,12,co2,22.504137883318553,1.3984442827536496e-4,2.4739589907353925,umol_m2_s1,2022-07-12,low,NA,NA
NW,1,co2,38.99896631731579,5.249773232422091e-4,4.603903264960556,umol_m2_s1,2022-07-12,high,NA,NA
NW,2,co2,34.66613616817679,3.549265165809098e-5,4.157087073943857,umol_m2_s1,2022-07-12,high,NA,NA
NW,3,co2,60.896464936976464,6.576270721987687e-4,6.870298077029851,umol_m2_s1,2022-07-12,high,NA,NA
NW,4,co2,32.099829619290105,7.656729251647568e-4,3.4489360072382813,umol_m2_s1,2022-07-12,high,NA,NA
NW,5,co2,33.185236106932564,3.2389808701243413e-4,3.561533453816471,umol_m2_s1,2022-07-12,mid,NA,NA
NW,6,co2,39.51101724331037,0.00227898297810484,3.808791702778332,umol_m2_s1,2022-07-12,mid,NA,NA
NW,7,co2,41.26515819495487,0.00124378404760675,4.815589617456139,umol_m2_s1,2022-07-12,mid,NA,NA
NW,8,co2,38.38782137113813,3.5526254600007275e-4,4.456798007026319,umol_m2_s1,2022-07-12,mid,NA,NA
NW,9,co2,35.98325495174487,1.575966389650297e-4,4.09784484426019,umol_m2_s1,2022-07-12,low,NA,NA
NW,10,co2,32.1127528332306,1.4798247753652346e-4,3.227267789097359,umol_m2_s1,2022-07-12,low,NA,NA
NW,11,co2,30.05765615762343,0.00156028825653555,3.1406886345891505,umol_m2_s1,2022-07-12,low,NA,NA
NW,12,co2,27.576405745769325,3.7462500312244833e-4,2.7798695900144104,umol_m2_s1,2022-07-12,low,NA,NA
SP,1,co2,30.14458437937574,0.00312668704122022,3.560099845528407,umol_m2_s1,2022-07-12,high,NA,NA
SP,2,co2,39.46749702281683,6.560908388944307e-5,4.787179794005181,umol_m2_s1,2022-07-12,high,NA,NA
SP,3,co2,32.47732778664288,3.860401571665476e-4,4.089476788161393,umol_m2_s1,2022-07-12,high,NA,NA
SP,4,co2,26.70752909160139,0.00434344912676081,2.982502609513476,umol_m2_s1,2022-07-12,high,NA,NA
SP,5,co2,28.621420339774396,1.344256984619048e-4,4.017027214067515,umol_m2_s1,2022-07-12,mid,NA,NA
SP,6,co2,20.283081824484245,0.07746071376296693,2.5724539081535576,umol_m2_s1,2022-07-12,mid,NA,NA
SP,7,co2,29.54861247406118,2.843889086221952e-4,4.041933499186062,umol_m2_s1,2022-07-12,mid,NA,NA
SP,8,co2,34.67647618430229,0.00156391662048481,4.355822487002865,umol_m2_s1,2022-07-12,mid,NA,NA
SP,9,co2,24.514635469643466,0.03979965812932778,2.9293721248946434,umol_m2_s1,2022-07-12,low,NA,NA
SP,10,co2,24.322323345880815,0.00192593387843938,3.468377449716273,umol_m2_s1,2022-07-12,low,NA,NA
SP,11,co2,32.33481116213461,3.744667704451556e-4,3.654819311469951,umol_m2_s1,2022-07-12,low,NA,NA
SP,12,co2,36.163290649574584,7.735756347786507e-5,4.883572017730261,umol_m2_s1,2022-07-12,low,NA,NA
SW,1,co2,28.906177648847525,6.893941737044262e-5,3.781178928656878,umol_m2_s1,2022-07-12,high,NA,NA
SW,2,co2,28.981697536942356,0.00667274910253253,3.698610496895723,umol_m2_s1,2022-07-12,high,NA,NA
SW,3,co2,32.885473636929916,2.3629742140776893e-4,3.800061158395866,umol_m2_s1,2022-07-12,high,NA,NA
SW,4,co2,28.625009750485773,1.9587217723124732e-4,3.1171826846877995,umol_m2_s1,2022-07-12,high,NA,NA
SW,5,co2,38.61169989908153,3.1234359025119127e-4,4.696961559010865,umol_m2_s1,2022-07-12,mid,NA,NA
SW,6,co2,33.477701148684105,2.8210151637352336e-4,3.909455756207512,umol_m2_s1,2022-07-12,mid,NA,NA
SW,7,co2,38.61611881658057,1.6788626280738635e-4,5.090106679555995,umol_m2_s1,2022-07-12,mid,NA,NA
SW,8,co2,31.45482916550386,1.8454142823679225e-4,3.7255431524843305,umol_m2_s1,2022-07-12,mid,NA,NA
SW,9,co2,57.74986997034818,9.142952800105848e-5,6.365744346470199,umol_m2_s1,2022-07-12,low,NA,NA
SW,10,co2,47.571553560760776,7.554709019851582e-6,4.846048366950456,umol_m2_s1,2022-07-12,low,NA,NA
SW,11,co2,36.24656027843676,2.3468919527621884e-4,4.279358516777417,umol_m2_s1,2022-07-12,low,NA,NA
SW,12,co2,31.702120498317672,3.661372241944623e-4,3.3319972100726893,umol_m2_s1,2022-07-12,low,NA,NA
WW,1,co2,24.87342593396888,0.0022804240532804,2.3292501049719463,umol_m2_s1,2022-07-12,high,NA,NA
WW,2,co2,18.67619481347248,1.8212697025053094e-5,1.870040963833212,umol_m2_s1,2022-07-12,high,NA,NA
WW,3,co2,20.423006204845983,4.358582023481469e-4,2.3876289708324103,umol_m2_s1,2022-07-12,high,NA,NA
WW,4,co2,31.03947562194516,3.763506668421849e-5,3.3576626961455145,umol_m2_s1,2022-07-12,high,NA,NA
WW,5,co2,16.58762617596381,1.167082975819334e-4,1.9866384252343121,umol_m2_s1,2022-07-12,mid,NA,NA
WW,6,co2,18.529167769698113,0.00100794357196541,2.4204850328921608,umol_m2_s1,2022-07-12,mid,NA,NA
WW,7,co2,42.51060379968046,2.7558816913294657e-6,5.397721220186258,umol_m2_s1,2022-07-12,mid,NA,NA
WW,8,co2,15.499777359497502,0.00262534202210311,1.9989369241968504,umol_m2_s1,2022-07-12,mid,NA,NA
WW,9,co2,29.79965425515568,4.425384634394332e-5,3.662943803520754,umol_m2_s1,2022-07-12,low,NA,NA
WW,10,co2,22.112527291804177,6.99125884597652e-4,2.7427855158349264,umol_m2_s1,2022-07-12,low,NA,NA
WW,11,co2,24.671819211349263,3.683121202225518e-5,3.1972314282431404,umol_m2_s1,2022-07-12,low,NA,NA
WW,12,co2,17.910742569685443,6.205455961611913e-4,1.9883063926779896,umol_m2_s1,2022-07-12,low,NA,NA
BP,1,ch4,-0.00502170397466072,0.13050046954147593,-0.5756052034424266,nmol_m2_s1,2022-07-12,high,NA,NA
BP,2,ch4,-0.00405424736446271,0.1529559531781554,-0.4570751327565971,nmol_m2_s1,2022-07-12,high,NA,NA
BP,3,ch4,-0.00570408984666449,0.03872428297799896,-0.6789546905177376,nmol_m2_s1,2022-07-12,high,NA,NA
BP,4,ch4,-0.0066260346358058,0.0807017441753273,-0.751499870034427,nmol_m2_s1,2022-07-12,high,NA,NA
BP,5,ch4,-0.00673072695978377,0.05859677544662764,-0.7027804107960262,nmol_m2_s1,2022-07-12,mid,NA,NA
BP,6,ch4,-0.00267464607691937,0.3742204460092901,-0.31964946523455534,nmol_m2_s1,2022-07-12,mid,NA,NA
BP,7,ch4,-0.00543626513080143,0.14419490980751387,-0.602871340464163,nmol_m2_s1,2022-07-12,mid,NA,NA
BP,9,ch4,-0.00377378729014386,0.2860177498334855,-0.4810953470311796,nmol_m2_s1,2022-07-12,low,NA,NA
BP,10,ch4,-0.00469922989388386,0.13666308651691714,-0.6243787543261772,nmol_m2_s1,2022-07-12,low,NA,NA
BP,11,ch4,-0.00625249238677461,0.04371408164823408,-0.8000310558920294,nmol_m2_s1,2022-07-12,low,NA,NA
BP,12,ch4,-0.00368223047490123,0.980999156395288,-0.47417078786673794,nmol_m2_s1,2022-07-12,low,NA,NA
EW,1,ch4,-0.02056806595864486,0.01550603632788064,-1.965386618149196,nmol_m2_s1,2022-07-12,high,NA,NA
EW,2,ch4,-0.00972038599124024,0.10016918710091696,-0.8395760371775357,nmol_m2_s1,2022-07-12,high,NA,NA
EW,3,ch4,-0.01503098487955415,0.00109984678965542,-1.2955230592018592,nmol_m2_s1,2022-07-12,high,NA,NA
EW,4,ch4,-0.01735652784009098,0.00499241666875893,-1.6319737775531782,nmol_m2_s1,2022-07-12,high,NA,NA
EW,5,ch4,-0.01448060462067199,0.01387803084369902,-1.3384960122859255,nmol_m2_s1,2022-07-12,mid,NA,NA
EW,6,ch4,-0.01474531037011243,0.00626029001021331,-1.4102660856004212,nmol_m2_s1,2022-07-12,mid,NA,NA
EW,7,ch4,-0.01801268369422508,0.04696399199195581,-1.3719700170538671,nmol_m2_s1,2022-07-12,mid,NA,NA
EW,8,ch4,-0.01525557853056973,0.01875799546054776,-1.692091960538286,nmol_m2_s1,2022-07-12,mid,NA,NA
EW,9,ch4,-0.01939523517550549,0.01247759568510999,-2.0215062195235567,nmol_m2_s1,2022-07-12,low,NA,NA
EW,10,ch4,-0.01729898829931709,1.3030626943262894e-4,-1.8134377242007809,nmol_m2_s1,2022-07-12,low,NA,NA
EW,11,ch4,-0.01265284706527733,0.01158180144755171,-1.3127370830284082,nmol_m2_s1,2022-07-12,low,NA,NA
EW,12,ch4,-0.01757100373839315,0.00775597163445243,-1.9316422117669976,nmol_m2_s1,2022-07-12,low,NA,NA
NW,1,ch4,-0.01161615969109427,0.05056717169920417,-1.371310077631129,nmol_m2_s1,2022-07-12,high,NA,NA
NW,2,ch4,-0.0127780356690591,0.02024030927535766,-1.532314032707293,nmol_m2_s1,2022-07-12,high,NA,NA
NW,3,ch4,-0.01424409065237572,0.05506486332569276,-1.607008694500332,nmol_m2_s1,2022-07-12,high,NA,NA
NW,4,ch4,-0.01251020047890068,0.05672536804385249,-1.344146726047462,nmol_m2_s1,2022-07-12,high,NA,NA
NW,5,ch4,-0.01272948098090817,0.02624528735740757,-1.3661639235332708,nmol_m2_s1,2022-07-12,mid,NA,NA
NW,6,ch4,-0.01233714670484843,0.03931241605519892,-1.1892789729006932,nmol_m2_s1,2022-07-12,mid,NA,NA
NW,7,ch4,-0.01288321201986953,0.07349025188363358,-1.5034538762523135,nmol_m2_s1,2022-07-12,mid,NA,NA
NW,8,ch4,-0.0135507237915569,0.01621864592007835,-1.573229129209746,nmol_m2_s1,2022-07-12,mid,NA,NA
NW,9,ch4,-0.01554738454734721,0.05560695446596342,-1.770567162268012,nmol_m2_s1,2022-07-12,low,NA,NA
NW,10,ch4,-0.01485576155425569,0.02510406708470659,-1.4929744888438174,nmol_m2_s1,2022-07-12,low,NA,NA
NW,11,ch4,-0.01281512427721573,0.07150346603861596,-1.3390370479067075,nmol_m2_s1,2022-07-12,low,NA,NA
NW,12,ch4,-0.01309801423969611,0.04352020404869743,-1.3203595787711728,nmol_m2_s1,2022-07-12,low,NA,NA
SP,1,ch4,-0.00216507205109587,0.3523383233807319,-0.2556967638916207,nmol_m2_s1,2022-07-12,high,NA,NA
SP,2,ch4,-0.00281853856876926,0.39882229424693755,-0.3418724748933543,nmol_m2_s1,2022-07-12,high,NA,NA
SP,3,ch4,-0.00273067645471343,0.09185421330674128,-0.34384103430215535,nmol_m2_s1,2022-07-12,high,NA,NA
SP,4,ch4,-0.0034494385181646,0.3119972965223831,-0.3852082065134745,nmol_m2_s1,2022-07-12,high,NA,NA
SP,5,ch4,-0.00542614090184678,0.0509219891401475,-0.7615609362262411,nmol_m2_s1,2022-07-12,mid,NA,NA
SP,6,ch4,-0.00415206950543596,0.05131242086099475,-0.5265968711564638,nmol_m2_s1,2022-07-12,mid,NA,NA
SP,7,ch4,-0.00459313901561099,0.1462569444635943,-0.6282921903664245,nmol_m2_s1,2022-07-12,mid,NA,NA
SP,8,ch4,-0.00572180561640569,0.02795835766039699,-0.718734205798041,nmol_m2_s1,2022-07-12,mid,NA,NA
SP,9,ch4,-0.00228164027679134,0.05118572987698655,-0.2726442101962309,nmol_m2_s1,2022-07-12,low,NA,NA
SP,10,ch4,-0.0060562408925021,0.10924347725257436,-0.8636234722683785,nmol_m2_s1,2022-07-12,low,NA,NA
SP,11,ch4,-0.008009118941209,0.10141723029726284,-0.9052745793817716,nmol_m2_s1,2022-07-12,low,NA,NA
SP,12,ch4,-0.00300716121796004,0.3098555237807435,-0.4060938070912543,nmol_m2_s1,2022-07-12,low,NA,NA
SW,1,ch4,-0.00446992986900475,0.2420873187576845,-0.5847056237796499,nmol_m2_s1,2022-07-12,high,NA,NA
SW,2,ch4,-0.00127784293453143,0.6270019165034841,-0.1630768275397788,nmol_m2_s1,2022-07-12,high,NA,NA
SW,3,ch4,3.826545809057142e-4,0.9117835674412432,0.04421742031256948,nmol_m2_s1,2022-07-12,high,NA,NA
SW,4,ch4,-0.00146871052429996,0.6687445084016748,-0.15993842639962352,nmol_m2_s1,2022-07-12,high,NA,NA
SW,5,ch4,-0.00710537736827746,0.0319178257226649,-0.8643412346074639,nmol_m2_s1,2022-07-12,mid,NA,NA
SW,6,ch4,-0.00396165994796314,0.26120283612637607,-0.46263434334737846,nmol_m2_s1,2022-07-12,mid,NA,NA
SW,7,ch4,-0.00778656652857278,0.04996270715041698,-1.02637073617242,nmol_m2_s1,2022-07-12,mid,NA,NA
SW,8,ch4,-0.00696886109553368,0.139256370599908,-0.8253992605864487,nmol_m2_s1,2022-07-12,mid,NA,NA
SW,9,ch4,-0.00943992576122157,0.0313691745459397,-1.0405591229287454,nmol_m2_s1,2022-07-12,low,NA,NA
SW,10,ch4,-0.01421231675810894,0.00964191345464021,-1.4477890516702938,nmol_m2_s1,2022-07-12,low,NA,NA
SW,11,ch4,-0.0105347178305862,0.01178445669184424,-1.243754831461493,nmol_m2_s1,2022-07-12,low,NA,NA
SW,12,ch4,-0.01163878727212128,0.02294088668240426,-1.2232748506963622,nmol_m2_s1,2022-07-12,low,NA,NA
WW,1,ch4,-0.01019905377816054,0.06750118822423931,-0.9550814249094622,nmol_m2_s1,2022-07-12,high,NA,NA
WW,2,ch4,-0.01257535517800865,0.0115283197933067,-1.2591659892444569,nmol_m2_s1,2022-07-12,high,NA,NA
WW,3,ch4,-0.01402696374818967,0.00316749367739327,-1.6398753778984223,nmol_m2_s1,2022-07-12,high,NA,NA
WW,4,ch4,-0.01175854646817704,0.02292257341499085,-1.2719684223395222,nmol_m2_s1,2022-07-12,high,NA,NA
WW,5,ch4,-0.01886557402554413,0.00303636907123908,-2.2594597850026994,nmol_m2_s1,2022-07-12,mid,NA,NA
WW,6,ch4,-0.01855773654715374,9.254745712092488e-4,-2.424217002892047,nmol_m2_s1,2022-07-12,mid,NA,NA
WW,7,ch4,-0.019322111421648,0.00328532964711244,-2.4533966003140284,nmol_m2_s1,2022-07-12,mid,NA,NA
WW,8,ch4,-0.01226240967267009,0.01914926219318589,-1.5814281009210265,nmol_m2_s1,2022-07-12,mid,NA,NA
WW,9,ch4,-0.01357342634320967,0.0238563746325053,-1.6684320392007008,nmol_m2_s1,2022-07-12,low,NA,NA
WW,10,ch4,-0.0208908447792017,2.3613757709417296e-4,-2.5912509103013086,nmol_m2_s1,2022-07-12,low,NA,NA
WW,11,ch4,-0.01556025333530395,0.0060375220826769,-2.016459774161024,nmol_m2_s1,2022-07-12,low,NA,NA
WW,12,ch4,-0.01039118091526091,0.02623863889354742,-1.1535452179551733,nmol_m2_s1,2022-07-12,low,NA,NA
BP,1,n2o,1.2371836781366249e-4,0.6867905309293594,0.0141810303104853,nmol_m2_s1,2022-07-12,high,NA,NA
BP,2,n2o,-1.108042057351168e-4,0.4354188719431734,-0.01249204661025404,nmol_m2_s1,2022-07-12,high,NA,NA
BP,3,n2o,3.7425846640785497e-4,0.17485170620009396,0.04454778028823965,nmol_m2_s1,2022-07-12,high,NA,NA
BP,4,n2o,3.3533167006090863e-4,0.3924919944857383,0.03803205390859747,nmol_m2_s1,2022-07-12,high,NA,NA
BP,5,n2o,4.821055586940021e-4,0.05771351142753949,0.05033844703706465,nmol_m2_s1,2022-07-12,mid,NA,NA
BP,6,n2o,3.8733028118594873e-4,0.07243221203946014,0.04629020576540783,nmol_m2_s1,2022-07-12,mid,NA,NA
BP,7,n2o,3.726819408010848e-4,0.2239277404012751,0.04132970997763183,nmol_m2_s1,2022-07-12,mid,NA,NA
BP,8,n2o,3.7485370038139993e-4,0.3608120751239341,0.04138889096724451,nmol_m2_s1,2022-07-12,mid,NA,NA
BP,9,n2o,0.00112763681293713,0.01648171165150355,0.14375500846642608,nmol_m2_s1,2022-07-12,low,NA,NA
BP,10,n2o,4.491878951386562e-4,0.04571852139464431,0.05968283841360905,nmol_m2_s1,2022-07-12,low,NA,NA
BP,11,n2o,4.35954324081292e-4,0.06530121692172372,0.05578207483358024,nmol_m2_s1,2022-07-12,low,NA,NA
BP,12,n2o,3.5808412161642705e-4,0.242115117639703,0.04611146185084584,nmol_m2_s1,2022-07-12,low,NA,NA
EW,1,n2o,3.543198841035974e-4,0.19133098696423476,0.03385712395912919,nmol_m2_s1,2022-07-12,high,NA,NA
EW,2,n2o,5.276894759581957e-4,0.12651470839708698,0.04557796773549161,nmol_m2_s1,2022-07-12,high,NA,NA
EW,3,n2o,1.959857252137887e-4,0.6292120177804366,0.01689204189369085,nmol_m2_s1,2022-07-12,high,NA,NA
EW,4,n2o,4.0423511941117406e-4,0.2523112734704982,0.03800881840671515,nmol_m2_s1,2022-07-12,high,NA,NA
EW,5,n2o,6.434069048946985e-4,0.1096949214289296,0.05947248744360917,nmol_m2_s1,2022-07-12,mid,NA,NA
EW,6,n2o,3.804125068931984e-4,0.1291270759629044,0.03638328685824899,nmol_m2_s1,2022-07-12,mid,NA,NA
EW,7,n2o,6.960403583807956e-4,0.04254950416033701,0.05301522630212171,nmol_m2_s1,2022-07-12,mid,NA,NA
EW,8,n2o,7.311760687676169e-4,0.06476156178209343,0.08109932672959527,nmol_m2_s1,2022-07-12,mid,NA,NA
EW,9,n2o,5.40981082206697e-4,0.12140002956974376,0.05638480855888465,nmol_m2_s1,2022-07-12,low,NA,NA
EW,10,n2o,2.0515125090166895e-4,0.6217269216302852,0.0215058251450897,nmol_m2_s1,2022-07-12,low,NA,NA
EW,11,n2o,3.651081614844681e-4,0.2887599935619253,0.0378800929485889,nmol_m2_s1,2022-07-12,low,NA,NA
EW,12,n2o,3.707664678904715e-4,0.18255902396948157,0.04075966124348924,nmol_m2_s1,2022-07-12,low,NA,NA
NW,1,n2o,3.2293112525366534e-4,0.3222934745070781,0.03812264278534512,nmol_m2_s1,2022-07-12,high,NA,NA
NW,2,n2o,2.750660658554477e-4,0.29113571138287386,0.03298531977434421,nmol_m2_s1,2022-07-12,high,NA,NA
NW,3,n2o,3.889062363980986e-4,0.04354533763398243,0.04387613912952095,nmol_m2_s1,2022-07-12,high,NA,NA
NW,4,n2o,2.5550425551747544e-4,0.2735050620242633,0.0274524144616416,nmol_m2_s1,2022-07-12,high,NA,NA
NW,5,n2o,9.130328266583592e-4,0.00244629315210714,0.09798926685644536,nmol_m2_s1,2022-07-12,mid,NA,NA
NW,6,n2o,4.4711755837108377e-4,0.19193070245928243,0.04310133641974562,nmol_m2_s1,2022-07-12,mid,NA,NA
NW,7,n2o,6.440336828665434e-4,0.2635772607053834,0.07515788263434664,nmol_m2_s1,2022-07-12,mid,NA,NA
NW,8,n2o,-9.673098327597554e-7,0.992687512116902,-1.123039646647398e-4,nmol_m2_s1,2022-07-12,mid,NA,NA
NW,9,n2o,2.454811823977654e-4,0.24683366188038788,0.02795588667563824,nmol_m2_s1,2022-07-12,low,NA,NA
NW,10,n2o,3.164291104253713e-4,0.07752891228141243,0.03180049623624239,nmol_m2_s1,2022-07-12,low,NA,NA
NW,11,n2o,4.063651051520415e-4,0.2050813054361485,0.04246060506354372,nmol_m2_s1,2022-07-12,low,NA,NA
NW,12,n2o,6.784597002133691e-4,0.06901750185289919,0.068392868383973,nmol_m2_s1,2022-07-12,low,NA,NA
SP,1,n2o,3.9806256916187114e-4,0.04866465531245947,0.04701151202314787,nmol_m2_s1,2022-07-12,high,NA,NA
SP,2,n2o,3.863788358238554e-4,0.12493491767751327,0.04686552467763241,nmol_m2_s1,2022-07-12,high,NA,NA
SP,3,n2o,3.5129398583674674e-4,0.03532505596388712,0.04423419963421111,nmol_m2_s1,2022-07-12,high,NA,NA
SP,4,n2o,9.17282103124984e-5,0.6861632793683755,0.01024353940361554,nmol_m2_s1,2022-07-12,high,NA,NA
SP,5,n2o,2.6259897858776595e-4,0.1696696675504486,0.03685586637038655,nmol_m2_s1,2022-07-12,mid,NA,NA
SP,6,n2o,3.3327716259151766e-4,0.02380902321664956,0.04226873148891803,nmol_m2_s1,2022-07-12,mid,NA,NA
SP,7,n2o,2.771767506841145e-4,0.23394604187329607,0.03791480885165525,nmol_m2_s1,2022-07-12,mid,NA,NA
SP,8,n2o,2.386773092120415e-4,0.21335193676633127,0.02998101609510655,nmol_m2_s1,2022-07-12,mid,NA,NA
SP,9,n2o,4.6911466252636864e-4,0.06528057483101775,0.05605677545096649,nmol_m2_s1,2022-07-12,low,NA,NA
SP,10,n2o,5.328078210497109e-4,0.04919406625317164,0.07597870504728123,nmol_m2_s1,2022-07-12,low,NA,NA
SP,11,n2o,3.597826371864303e-4,0.14430722768434823,0.04066640512378813,nmol_m2_s1,2022-07-12,low,NA,NA
SP,12,n2o,3.1161620667989745e-4,0.00899163936447374,0.04208135266117158,nmol_m2_s1,2022-07-12,low,NA,NA
SW,1,n2o,2.5921675780461257e-4,0.1462212355555,0.03390780180182808,nmol_m2_s1,2022-07-12,high,NA,NA
SW,2,n2o,3.2204107797965226e-4,0.1232165265188836,0.04109850742624307,nmol_m2_s1,2022-07-12,high,NA,NA
SW,3,n2o,9.995356328081162e-4,0.0042819852831711,0.11550073982821772,nmol_m2_s1,2022-07-12,high,NA,NA
SW,4,n2o,5.062647163210326e-4,0.03937498174016356,0.0551307972063668,nmol_m2_s1,2022-07-12,high,NA,NA
SW,5,n2o,2.3086838587360375e-4,0.3945911278311038,0.02808423189016338,nmol_m2_s1,2022-07-12,mid,NA,NA
SW,6,n2o,2.3784233116994392e-4,0.09699602450160674,0.02777472881224699,nmol_m2_s1,2022-07-12,mid,NA,NA
SW,7,n2o,1.832932726193253e-4,0.1024643728954704,0.0241604371404801,nmol_m2_s1,2022-07-12,mid,NA,NA
SW,8,n2o,8.001410540651031e-4,0.02825409094726592,0.09476955062477412,nmol_m2_s1,2022-07-12,mid,NA,NA
SW,9,n2o,3.2314722350982586e-4,0.18151177918288247,0.03562038515742848,nmol_m2_s1,2022-07-12,low,NA,NA
SW,10,n2o,2.844332974378952e-4,0.3001747165573672,0.02897482662185317,nmol_m2_s1,2022-07-12,low,NA,NA
SW,11,n2o,4.411745802015432e-4,0.1086497225648822,0.05208616162936492,nmol_m2_s1,2022-07-12,low,NA,NA
SW,12,n2o,4.414755015204814e-4,0.09620514644540731,0.0464005283009301,nmol_m2_s1,2022-07-12,low,NA,NA
WW,1,n2o,3.845099986310624e-4,0.244236913220763,0.03600710079310161,nmol_m2_s1,2022-07-12,high,NA,NA
WW,2,n2o,3.1069315545421993e-4,0.32979381494970106,0.03110959880665134,nmol_m2_s1,2022-07-12,high,NA,NA
WW,3,n2o,5.802608891701842e-4,0.16509459752837544,0.06783759921176376,nmol_m2_s1,2022-07-12,high,NA,NA
WW,4,n2o,5.533399910962375e-4,0.12866799694426576,0.0598569727471735,nmol_m2_s1,2022-07-12,high,NA,NA
WW,5,n2o,4.367678295889391e-4,0.3531715148820631,0.05231006196805381,nmol_m2_s1,2022-07-12,mid,NA,NA
WW,6,n2o,6.92376011125185e-4,0.10437942388275456,0.09044581995758952,nmol_m2_s1,2022-07-12,mid,NA,NA
WW,7,n2o,5.085414857993921e-4,0.10806491742887256,0.0645713051308168,nmol_m2_s1,2022-07-12,mid,NA,NA
WW,8,n2o,2.2808472328209088e-4,0.5171335804768422,0.02941506607734741,nmol_m2_s1,2022-07-12,mid,NA,NA
WW,9,n2o,4.738536814517681e-4,0.14738606259677875,0.0582456222943914,nmol_m2_s1,2022-07-12,low,NA,NA
WW,10,n2o,4.282483926562129e-4,0.33923500081371677,0.05311891639778336,nmol_m2_s1,2022-07-12,low,NA,NA
WW,11,n2o,5.359210719925727e-4,0.08785619406724053,0.06945023712090914,nmol_m2_s1,2022-07-12,low,NA,NA
WW,12,n2o,6.368854580980637e-4,0.18920413433790775,0.07070189428568567,nmol_m2_s1,2022-07-12,low,NA,NA
BP,1,co2,32.166833439853775,7.226690384090274e-4,3.593044161471441,umol_m2_s1,2022-08-18,high,13,26.2
BP,2,co2,42.23383563157842,3.357064305446658e-4,4.67962357861732,umol_m2_s1,2022-08-18,high,13.3,24.9
BP,3,co2,43.040961653568125,3.4231908371715013e-4,5.053718290528951,umol_m2_s1,2022-08-18,high,11.7,26.1
BP,4,co2,43.152228369661515,2.4639788293038286e-4,4.740771082949954,umol_m2_s1,2022-08-18,high,12.9,25.5
BP,5,co2,34.07102325485928,0.00103822304369284,3.6271000665629423,umol_m2_s1,2022-08-18,mid,12.5,25.1
BP,6,co2,29.972331612138937,1.2725644953789933e-4,3.67700840172936,umol_m2_s1,2022-08-18,mid,14.6,24.3
BP,7,co2,40.081546246385635,3.2417969281841154e-4,4.5705094980592245,umol_m2_s1,2022-08-18,mid,15.6,24.5
BP,8,co2,39.44904140038658,5.864949773375567e-4,4.4200854236125435,umol_m2_s1,2022-08-18,mid,17,24.9
BP,9,co2,43.42245575785428,3.133804446895864e-4,5.730341754318498,umol_m2_s1,2022-08-18,low,8.9,25.1
BP,10,co2,36.963770134307126,2.2828738711421208e-4,5.107048685061706,umol_m2_s1,2022-08-18,low,12,25.5
BP,11,co2,40.3085306081034,0.00102804800831788,5.3566960725934125,umol_m2_s1,2022-08-18,low,13.6,24.8
BP,12,co2,34.93211768899486,6.855247695502296e-4,4.6613231380907205,umol_m2_s1,2022-08-18,low,15.3,24.7
EW,1,co2,18.50952606746204,0.01151744277004918,1.7960668435685232,umol_m2_s1,2022-08-18,high,5.1,19.8
EW,2,co2,16.08432014954348,0.00665820988931751,1.4135615648180149,umol_m2_s1,2022-08-18,high,8.1,19.3
EW,3,co2,13.992828410544906,0.00499091958967194,1.2249203366910553,umol_m2_s1,2022-08-18,high,4.1,19.4
EW,4,co2,26.858584552008768,0.00107608858512052,2.5598449703579247,umol_m2_s1,2022-08-18,high,4.1,19.6
EW,5,co2,27.438819879328168,0.00266481796236705,2.5724861241854025,umol_m2_s1,2022-08-18,mid,7.5,19.2
EW,6,co2,25.94024316055872,0.00235283345717535,2.5213937883306214,umol_m2_s1,2022-08-18,mid,6.5,27.5
EW,7,co2,23.083662456136302,6.915404085730572e-4,1.7862688002883809,umol_m2_s1,2022-08-18,mid,4.7,29.6
EW,8,co2,19.065644719555404,1.1768735033201862e-5,2.145595413457626,umol_m2_s1,2022-08-18,mid,3.5,26.5
EW,9,co2,25.03038914681346,0.00138841643259277,2.670194697118894,umol_m2_s1,2022-08-18,low,4.2,32.2
EW,10,co2,22.269609053689223,0.01004427864885695,2.375679884690969,umol_m2_s1,2022-08-18,low,4.3,29.3
EW,11,co2,22.818793216170004,0.00284497796807922,2.3988749974741475,umol_m2_s1,2022-08-18,low,4.7,26.9
EW,12,co2,28.773956501836004,1.6432559749532746e-4,3.223266558493417,umol_m2_s1,2022-08-18,low,4.9,31.1
NW,1,co2,29.95611739869658,8.169617398610842e-4,3.6090826213998786,umol_m2_s1,2022-08-18,high,7.1,22.7
NW,2,co2,34.040623319411154,1.871447768953471e-4,4.15793201631542,umol_m2_s1,2022-08-18,high,6,22.4
NW,3,co2,43.26079948986709,0.00613032901848411,4.982384563108268,umol_m2_s1,2022-08-18,high,8.8,22.2
NW,4,co2,35.95447022467841,3.583387979601837e-4,3.928387761592226,umol_m2_s1,2022-08-18,high,7.6,21.8
NW,5,co2,31.24955305430501,0.00933177699732351,3.383238386917446,umol_m2_s1,2022-08-18,mid,2.2,21.4
NW,6,co2,45.61633606147982,0.00532351040516149,4.44878108128727,umol_m2_s1,2022-08-18,mid,5.1,21.5
NW,7,co2,39.84672774579226,2.143243912347776e-4,4.710519753634964,umol_m2_s1,2022-08-18,mid,4.5,22.1
NW,8,co2,32.93805630580849,0.01411300196542293,3.868232230371745,umol_m2_s1,2022-08-18,mid,4.7,21.8
NW,9,co2,42.80348862725292,0.07560180489923182,4.9398058954131425,umol_m2_s1,2022-08-18,low,3.6,22.6
NW,10,co2,25.407688044824095,4.291981205829656e-4,2.5795621192883673,umol_m2_s1,2022-08-18,low,3.3,23.1
NW,11,co2,30.194526160066808,4.052378931296497e-4,3.198666589773765,umol_m2_s1,2022-08-18,low,5.1,22.9
NW,12,co2,28.470652695657897,0.02353590253594566,2.894297715045242,umol_m2_s1,2022-08-18,low,6.3,22.7
SP,1,co2,30.324795276634553,2.348473780542889e-4,3.5761571452878456,umol_m2_s1,2022-08-18,high,8.9,20.9
SP,2,co2,30.839398499363785,2.849382337668553e-4,3.7303564011677928,umol_m2_s1,2022-08-18,high,7.4,21.4
SP,3,co2,25.423031524920088,3.1023420409468385e-5,3.2142086958882228,umol_m2_s1,2022-08-18,high,7.1,21.4
SP,4,co2,21.24874887838978,1.4269430272673676e-4,2.3825251042600764,umol_m2_s1,2022-08-18,high,8.8,21.1
SP,5,co2,26.4549235194081,0.00139139943644539,3.746888993300443,umol_m2_s1,2022-08-18,mid,11.4,20.9
SP,6,co2,31.2199643117473,1.333851251918912e-4,3.9634050524091218,umol_m2_s1,2022-08-18,mid,12.4,21.3
SP,7,co2,25.826599377666128,5.073901031980306e-5,3.5396919095354407,umol_m2_s1,2022-08-18,mid,12.7,20.3
SP,8,co2,30.534206062174665,2.2621395475006225e-4,3.828029433766259,umol_m2_s1,2022-08-18,mid,11.8,20.2
SP,9,co2,42.240251623481974,2.2733936223542564e-4,5.130605204370232,umol_m2_s1,2022-08-18,low,12.1,22.7
SP,10,co2,32.649780358155645,5.639339123877686e-4,4.688114202780881,umol_m2_s1,2022-08-18,low,11.8,24.2
SP,11,co2,42.279819345277055,5.970730297054249e-5,4.841757748493501,umol_m2_s1,2022-08-18,low,10.1,22.4
SP,12,co2,37.42749722340678,2.2318751888807215e-4,5.094077846245211,umol_m2_s1,2022-08-18,low,14.9,21.5
SW,1,co2,33.8563373388909,0.00252133655375234,4.314223226296639,umol_m2_s1,2022-08-18,high,37.7,22.6
SW,2,co2,39.51856460268168,2.303802013679079e-4,4.899148330840777,umol_m2_s1,2022-08-18,high,40.9,21.8
SW,3,co2,38.47185108372073,4.093624562246416e-4,4.3312309396701325,umol_m2_s1,2022-08-18,high,47.3,21.6
SW,4,co2,38.83183970092454,1.0747026314832357e-4,4.10764213228912,umol_m2_s1,2022-08-18,high,43.8,22.1
SW,5,co2,39.0098079326546,7.068082130160222e-4,4.743059476792049,umol_m2_s1,2022-08-18,mid,23.6,22.1
SW,6,co2,27.42646094449359,0.00324269685356098,3.192332796235409,umol_m2_s1,2022-08-18,mid,18.9,20.9
SW,7,co2,32.85009151662565,3.6694981377906875e-5,4.3187451484195,umol_m2_s1,2022-08-18,mid,21.2,20.9
SW,8,co2,31.03990888394916,0.00167127129204742,3.661987013397622,umol_m2_s1,2022-08-18,mid,24.1,22.1
SW,9,co2,46.234053211432204,7.859247721226238e-5,5.198136425388707,umol_m2_s1,2022-08-18,low,15.4,20.7
SW,10,co2,34.77262744624088,2.8268496327132886e-4,3.5545105027481623,umol_m2_s1,2022-08-18,low,17.4,21.5
SW,11,co2,30.736064093110585,2.1133256713535296e-5,3.6977980769174814,umol_m2_s1,2022-08-18,low,18.2,21.6
SW,12,co2,19.86845512110031,0.00422154619119405,2.108315931916516,umol_m2_s1,2022-08-18,low,18.7,20.9
WW,1,co2,37.03898888305003,0.02746447952684038,3.472569615154617,umol_m2_s1,2022-08-18,high,3.2,20.5
WW,2,co2,23.338295170314975,2.79844759869888e-4,2.34118152278802,umol_m2_s1,2022-08-18,high,3.7,21.1
WW,3,co2,21.77682621221982,0.00854138289727864,2.5454739727386815,umol_m2_s1,2022-08-18,high,2.3,21.2
WW,5,co2,21.19143790042169,0.10811420823872804,2.534194349473223,umol_m2_s1,2022-08-18,mid,7.7,21.4
WW,6,co2,19.70050010574198,0.0018293974850086,2.589444408479865,umol_m2_s1,2022-08-18,mid,5.4,21.1
WW,7,co2,34.18163868460267,8.142949476535896e-4,4.340163158774192,umol_m2_s1,2022-08-18,mid,8.2,20.8
WW,8,co2,22.495155930537837,3.359645745350674e-4,2.9219917867136203,umol_m2_s1,2022-08-18,mid,8.9,21.6
WW,9,co2,39.269590775494144,1.2036275476417984e-4,4.818915182694012,umol_m2_s1,2022-08-18,low,8.1,21.6
WW,10,co2,21.210305978326616,0.00411297380030722,2.63704981607745,umol_m2_s1,2022-08-18,low,9.7,21.3
WW,11,co2,27.673607668716254,0.00130134591765991,3.598258713298156,umol_m2_s1,2022-08-18,low,13.1,21.6
WW,12,co2,18.19609717889096,0.00104467004970831,2.058576118090165,umol_m2_s1,2022-08-18,low,10.2,22.3
BP,1,ch4,-0.00607658815531899,0.0111964961484634,-0.6787565718571601,nmol_m2_s1,2022-08-18,high,13,26.2
BP,2,ch4,-0.00297609890264016,0.1606398593638532,-0.3297598332906028,nmol_m2_s1,2022-08-18,high,13.3,24.9
BP,3,ch4,-0.00326449204753477,0.02073329747468243,-0.3833051710763784,nmol_m2_s1,2022-08-18,high,11.7,26.1
BP,4,ch4,-0.00243771738396301,0.2130099216685652,-0.26781143219990095,nmol_m2_s1,2022-08-18,high,12.9,25.5
BP,5,ch4,-0.00416510756635059,0.0750925173407796,-0.44340499603273326,nmol_m2_s1,2022-08-18,mid,12.5,25.1
BP,6,ch4,-0.0041248853823833,0.04176652894988048,-0.5060413184889231,nmol_m2_s1,2022-08-18,mid,14.6,24.3
BP,7,ch4,-0.0033841018206404,0.2671440600170697,-0.38589004073242833,nmol_m2_s1,2022-08-18,mid,15.6,24.5
BP,8,ch4,-0.00144704230917749,0.30760062514210174,-0.16213450038568955,nmol_m2_s1,2022-08-18,mid,17,24.9
BP,9,ch4,-0.00231859725882314,0.08176255520212626,-0.30597888700201864,nmol_m2_s1,2022-08-18,low,8.9,25.1
BP,10,ch4,-0.00389523683178695,0.03733134232286531,-0.5381800630049384,nmol_m2_s1,2022-08-18,low,12,25.5
BP,11,ch4,-0.00125065848639881,0.5409127501389094,-0.1662029674904924,nmol_m2_s1,2022-08-18,low,13.6,24.8
BP,12,ch4,-0.00140984965617184,0.3144801350433552,-0.18812958555940737,nmol_m2_s1,2022-08-18,low,15.3,24.7
EW,1,ch4,-0.01628378549153846,0.00884726938642491,-1.5800927102367783,nmol_m2_s1,2022-08-18,high,5.1,19.8
EW,2,ch4,-0.0222401661584506,0.00667545401501192,-1.9545646806616432,nmol_m2_s1,2022-08-18,high,8.1,19.3
EW,3,ch4,-0.01572602177806797,0.01767325375860701,-1.3766426147758175,nmol_m2_s1,2022-08-18,high,4.1,19.4
EW,4,ch4,-0.01162441379131417,0.00872424275310276,-1.1079026565764931,nmol_m2_s1,2022-08-18,high,4.1,19.6
EW,5,ch4,-0.01355728843838451,0.00715271106893227,-1.2710435996410376,nmol_m2_s1,2022-08-18,mid,7.5,19.2
EW,6,ch4,-0.01384807448564998,0.00366138138081783,-1.3460339894402735,nmol_m2_s1,2022-08-18,mid,6.5,27.5
EW,7,ch4,-0.01267080531259348,0.00985166727940074,-0.9804971047130074,nmol_m2_s1,2022-08-18,mid,4.7,29.6
EW,8,ch4,-0.01804822859298028,0.00357877908176889,-2.031098190475265,nmol_m2_s1,2022-08-18,mid,3.5,26.5
EW,9,ch4,-0.01402393754699897,0.01032220905085217,-1.4960472029053695,nmol_m2_s1,2022-08-18,low,4.2,32.2
EW,10,ch4,-0.01295935419005843,0.00496442610997421,-1.382479458605815,nmol_m2_s1,2022-08-18,low,4.3,29.3
EW,11,ch4,-0.01098705215196343,0.02898559929637345,-1.155037624190075,nmol_m2_s1,2022-08-18,low,4.7,26.9
EW,12,ch4,-0.01205863754322778,4.012062985452883e-4,-1.3508119097767879,nmol_m2_s1,2022-08-18,low,4.9,31.1
NW,1,ch4,-0.00500959196912352,0.0116785717890109,-0.603550556149669,nmol_m2_s1,2022-08-18,high,7.1,22.7
NW,2,ch4,-0.00670671917750745,6.501934553100611e-4,-0.8192001107304407,nmol_m2_s1,2022-08-18,high,6,22.4
NW,3,ch4,-0.00899550919353209,0.02982873471497231,-1.0360207548556908,nmol_m2_s1,2022-08-18,high,8.8,22.2
NW,4,ch4,-0.00598413284964376,0.01025563982925664,-0.6538267454194654,nmol_m2_s1,2022-08-18,high,7.6,21.8
NW,5,ch4,-0.00793222590524131,0.00323071725715784,-0.8587838401937181,nmol_m2_s1,2022-08-18,mid,2.2,21.4
NW,6,ch4,-0.01051755785695664,0.01935147867398197,-1.0257358756808286,nmol_m2_s1,2022-08-18,mid,5.1,21.5
NW,7,ch4,-0.01107141324574669,2.5683862692478374e-4,-1.308817906641098,nmol_m2_s1,2022-08-18,mid,4.5,22.1
NW,8,ch4,-0.00886054600523451,0.00141720802512136,-1.0405789982845937,nmol_m2_s1,2022-08-18,mid,4.7,21.8
NW,9,ch4,-0.01469493416699531,0.379560964812475,-1.6958926657350408,nmol_m2_s1,2022-08-18,low,3.6,22.6
NW,10,ch4,-0.00947289003195596,0.01361562382833299,-0.9617525311042974,nmol_m2_s1,2022-08-18,low,3.3,23.1
NW,11,ch4,-0.00895041055490888,3.112480003333853e-4,-0.9481645466127148,nmol_m2_s1,2022-08-18,low,5.1,22.9
NW,12,ch4,-0.00918510262984478,0.03095265626377316,-0.9337482297365882,nmol_m2_s1,2022-08-18,low,6.3,22.7
SP,1,ch4,-0.00127470904138602,0.37346079220379297,-0.15032450524169028,nmol_m2_s1,2022-08-18,high,8.9,20.9
SP,2,ch4,-8.734829784861771e-4,0.3971092061675669,-0.1056571456857124,nmol_m2_s1,2022-08-18,high,7.4,21.4
SP,3,ch4,-0.0017728598962207,0.23076353699242996,-0.2241409207803741,nmol_m2_s1,2022-08-18,high,7.1,21.4
SP,4,ch4,-0.00384753937264054,0.06358893527451334,-0.4314070064740589,nmol_m2_s1,2022-08-18,high,8.8,21.1
SP,5,ch4,-0.00577236833249494,0.01619173359372993,-0.8175575844864598,nmol_m2_s1,2022-08-18,mid,11.4,20.9
SP,6,ch4,-0.00509252068336134,0.01294574799410135,-0.6465004893787676,nmol_m2_s1,2022-08-18,mid,12.4,21.3
SP,7,ch4,-0.00481869855226057,0.04145219531846181,-0.6604318296227913,nmol_m2_s1,2022-08-18,mid,12.7,20.3
SP,8,ch4,-0.00403680853710829,0.02758965207823358,-0.5060888718397832,nmol_m2_s1,2022-08-18,mid,11.8,20.2
SP,9,ch4,-0.00252523360212607,0.1187468801647547,-0.30672110518669793,nmol_m2_s1,2022-08-18,low,12.1,22.7
SP,10,ch4,-0.0023949078657332,0.14018149557732157,-0.3438798502327719,nmol_m2_s1,2022-08-18,low,11.8,24.2
SP,11,ch4,-0.00359700596849324,0.07568267028878539,-0.41191830497437976,nmol_m2_s1,2022-08-18,low,10.1,22.4
SP,12,ch4,-0.0059409095658803,0.00273580663530485,-0.8085888197507,nmol_m2_s1,2022-08-18,low,14.9,21.5
SW,1,ch4,-0.00281728037551146,0.03434574512202092,-0.35899856234771976,nmol_m2_s1,2022-08-18,high,37.7,22.6
SW,2,ch4,-1.0273955587927358e-4,0.9507902998421334,-0.01273670561564653,nmol_m2_s1,2022-08-18,high,40.9,21.8
SW,3,ch4,-0.00277122793044722,0.1145500178515335,-0.31198987870666806,nmol_m2_s1,2022-08-18,high,47.3,21.6
SW,4,ch4,-0.00136133022532158,0.37962822067471685,-0.14400186631787185,nmol_m2_s1,2022-08-18,high,43.8,22.1
SW,5,ch4,-0.00909715541579766,0.00571688641171762,-1.1060897628934565,nmol_m2_s1,2022-08-18,mid,23.6,22.1
SW,6,ch4,-0.00548013797042191,0.00312681290381657,-0.6378666283731795,nmol_m2_s1,2022-08-18,mid,18.9,20.9
SW,7,ch4,-0.00676519451311006,0.00123756190971302,-0.8894085109875963,nmol_m2_s1,2022-08-18,mid,21.2,20.9
SW,8,ch4,-0.00582531005846444,0.02054185864203057,-0.6872510439018163,nmol_m2_s1,2022-08-18,mid,24.1,22.1
SW,9,ch4,-0.0080227283668185,0.05910747828696494,-0.902002607555217,nmol_m2_s1,2022-08-18,low,15.4,20.7
SW,10,ch4,-0.00986930203901889,0.06021822241562354,-1.008854962332704,nmol_m2_s1,2022-08-18,low,17.4,21.5
SW,11,ch4,-0.00641071425697869,0.07621062367107215,-0.771260977960962,nmol_m2_s1,2022-08-18,low,18.2,21.6
SW,12,ch4,-0.00545500078357404,0.01072358857325016,-0.5788504939376137,nmol_m2_s1,2022-08-18,low,18.7,20.9
WW,1,ch4,-0.01304891375167408,0.01898576596237868,-1.223393585281512,nmol_m2_s1,2022-08-18,high,3.2,20.5
WW,2,ch4,-0.01533439588368352,0.00227492989385096,-1.5382702139983266,nmol_m2_s1,2022-08-18,high,3.7,21.1
WW,3,ch4,-0.01302246954358381,0.05504521515262369,-1.5221849575754036,nmol_m2_s1,2022-08-18,high,2.3,21.2
WW,4,ch4,-0.00660126316536072,0.03420465640078581,-0.7180505161933932,nmol_m2_s1,2022-08-18,high,3.4,22
WW,5,ch4,-0.01414500411288032,0.1589291072500148,-1.6915411622645722,nmol_m2_s1,2022-08-18,mid,7.7,21.4
WW,6,ch4,-0.01276254633522411,0.00122441414068493,-1.6775160056002336,nmol_m2_s1,2022-08-18,mid,5.4,21.1
WW,7,ch4,-0.0114780207216651,0.00203898216563353,-1.4574047526357408,nmol_m2_s1,2022-08-18,mid,8.2,20.8
WW,8,ch4,-0.00844435347676159,0.00289616453201768,-1.0968731036759711,nmol_m2_s1,2022-08-18,mid,8.9,21.6
WW,9,ch4,-0.01233386774961697,6.952754966335785e-4,-1.5135340446954615,nmol_m2_s1,2022-08-18,low,8.1,21.6
WW,10,ch4,-0.01376222245763383,0.01888038453614704,-1.7110392578873803,nmol_m2_s1,2022-08-18,low,9.7,21.3
WW,11,ch4,-0.00787048475386064,0.08002263629549684,-1.023359176095925,nmol_m2_s1,2022-08-18,low,13.1,21.6
WW,12,ch4,-0.00796635129754811,0.02831142142429216,-0.9012559324245524,nmol_m2_s1,2022-08-18,low,10.2,22.3
BP,1,n2o,-4.306728660896404e-4,0.4982391293637284,-0.04810627784985318,nmol_m2_s1,2022-08-18,high,13,26.2
BP,2,n2o,-3.486938845752599e-4,0.4329343129301305,-0.03863622850201133,nmol_m2_s1,2022-08-18,high,13.3,24.9
BP,3,n2o,-2.8015296110610116e-4,0.542829089837311,-0.03289457505813831,nmol_m2_s1,2022-08-18,high,11.7,26.1
BP,4,n2o,-3.600759980925074e-4,0.5957339636821685,-0.03955851050838077,nmol_m2_s1,2022-08-18,high,12.9,25.5
BP,5,n2o,-6.262167808668656e-4,0.07471772651657757,-0.06666518086571102,nmol_m2_s1,2022-08-18,mid,12.5,25.1
BP,6,n2o,-4.784964179279172e-4,0.2049600661400539,-0.05870198460655542,nmol_m2_s1,2022-08-18,mid,14.6,24.3
BP,7,n2o,-3.067882626892519e-4,0.3624822262832427,-0.03498314810249508,nmol_m2_s1,2022-08-18,mid,15.6,24.5
BP,8,n2o,-2.3220770882172731e-4,0.7121675930452356,-0.02601781621500503,nmol_m2_s1,2022-08-18,mid,17,24.9
BP,9,n2o,-2.3822182060878903e-4,0.5667422180252942,-0.03143747679856627,nmol_m2_s1,2022-08-18,low,8.9,25.1
BP,10,n2o,-3.3753634279162835e-4,0.43809474158087314,-0.0466352466036629,nmol_m2_s1,2022-08-18,low,12,25.5
BP,11,n2o,-1.8565196706325817e-4,0.6870719187305421,-0.02467172947845119,nmol_m2_s1,2022-08-18,low,13.6,24.8
BP,12,n2o,-6.326100682571613e-5,0.9187629813645964,-0.0084415149828871,nmol_m2_s1,2022-08-18,low,15.3,24.7
EW,1,n2o,-7.136608722765187e-4,0.4031331330018163,-0.06924988925034099,nmol_m2_s1,2022-08-18,high,5.1,19.8
EW,2,n2o,-4.927151188968038e-4,0.7039696656621846,-0.04330199523521846,nmol_m2_s1,2022-08-18,high,8.1,19.3
EW,3,n2o,-4.5975144665432295e-4,0.4803719963451766,-0.04024625188754691,nmol_m2_s1,2022-08-18,high,4.1,19.4
EW,4,n2o,-2.93963443431558e-4,0.7168393149763712,-0.02801714441355735,nmol_m2_s1,2022-08-18,high,4.1,19.6
EW,5,n2o,-8.942097534682444e-4,0.04466299666653117,-0.08383531773687315,nmol_m2_s1,2022-08-18,mid,7.5,19.2
EW,6,n2o,1.6961768012740407e-4,0.7935381755282556,0.01648685258720124,nmol_m2_s1,2022-08-18,mid,6.5,27.5
EW,7,n2o,-5.9521109481283294e-5,0.90560153479247,-0.00460588526742653,nmol_m2_s1,2022-08-18,mid,4.7,29.6
EW,8,n2o,-5.213155453556611e-4,0.17333507155957725,-0.05866742297636556,nmol_m2_s1,2022-08-18,mid,3.5,26.5
EW,9,n2o,-4.327923309685862e-4,0.2499974646435951,-0.04616946945282171,nmol_m2_s1,2022-08-18,low,4.2,32.2
EW,10,n2o,-9.57899091331764e-4,0.02620428996098411,-0.10218686809248852,nmol_m2_s1,2022-08-18,low,4.3,29.3
EW,11,n2o,-7.584345368415572e-4,0.08104699484868429,-0.07973207129818019,nmol_m2_s1,2022-08-18,low,4.7,26.9
EW,12,n2o,-4.397582349240685e-4,0.2679801172847743,-0.04926183899535668,nmol_m2_s1,2022-08-18,low,4.9,31.1
NW,1,n2o,7.787811526847165e-5,0.8508521569534568,0.00938267628818436,nmol_m2_s1,2022-08-18,high,7.1,22.7
NW,2,n2o,-2.840328795353441e-4,0.5722918657962877,-0.03469353050397365,nmol_m2_s1,2022-08-18,high,6,22.4
NW,3,n2o,-8.876192888547489e-4,0.02034953384002505,-0.1022278990415539,nmol_m2_s1,2022-08-18,high,8.8,22.2
NW,4,n2o,-5.080474050857038e-4,0.26963076732715296,-0.05550929261300826,nmol_m2_s1,2022-08-18,high,7.6,21.8
NW,5,n2o,-9.292527819769462e-4,0.0336500111118995,-0.1006057167496392,nmol_m2_s1,2022-08-18,mid,2.2,21.4
NW,6,n2o,-9.550470592503804e-4,0.02699720475372752,-0.09314196745669756,nmol_m2_s1,2022-08-18,mid,5.1,21.5
NW,7,n2o,-6.708636813750271e-4,0.1204478769159594,-0.07930680389300072,nmol_m2_s1,2022-08-18,mid,4.5,22.1
NW,8,n2o,-8.925381490332317e-4,0.14866469101016336,-0.10481932518640588,nmol_m2_s1,2022-08-18,mid,4.7,21.8
NW,9,n2o,-5.637715918054838e-4,0.1975140313845375,-0.06506297318705057,nmol_m2_s1,2022-08-18,low,3.6,22.6
NW,10,n2o,-5.219524059593824e-4,0.18576249699718284,-0.05299217512860361,nmol_m2_s1,2022-08-18,low,3.3,23.1
NW,11,n2o,-2.680337152517897e-4,0.3356206526476274,-0.02839423560958896,nmol_m2_s1,2022-08-18,low,5.1,22.9
NW,12,n2o,-1.9917413924711716e-4,0.6533539003353055,-0.02024784125187801,nmol_m2_s1,2022-08-18,low,6.3,22.7
SP,1,n2o,-7.405593767440874e-4,0.2705340000559281,-0.08733304487281594,nmol_m2_s1,2022-08-18,high,8.9,20.9
SP,2,n2o,-5.710753514485958e-4,0.2639136423673616,-0.06907769595017764,nmol_m2_s1,2022-08-18,high,7.4,21.4
SP,3,n2o,-8.700993597742199e-4,0.06317393294989415,-0.11000580028120244,nmol_m2_s1,2022-08-18,high,7.1,21.4
SP,4,n2o,-7.352469078114801e-4,0.12596309702654002,-0.08243987567060897,nmol_m2_s1,2022-08-18,high,8.8,21.1
SP,5,n2o,-5.361222025583164e-4,0.06198688861825702,-0.07593257180864799,nmol_m2_s1,2022-08-18,mid,11.4,20.9
SP,6,n2o,-1.7415181855134297e-4,0.44096511713966213,-0.02210874396396767,nmol_m2_s1,2022-08-18,mid,12.4,21.3
SP,7,n2o,-5.259925125754092e-4,0.31847694144368777,-0.07209046045951577,nmol_m2_s1,2022-08-18,mid,12.7,20.3
SP,8,n2o,-5.468053944374402e-4,0.2189727808163422,-0.06855220470401226,nmol_m2_s1,2022-08-18,mid,11.8,20.2
SP,9,n2o,-1.1939501678846842e-4,0.8016374311218177,-0.01450201338692431,nmol_m2_s1,2022-08-18,low,12.1,22.7
SP,10,n2o,-5.780437958641437e-4,0.2484570752626976,-0.08300010902043159,nmol_m2_s1,2022-08-18,low,11.8,24.2
SP,11,n2o,-3.279351197099915e-4,0.20986990671982603,-0.0375541435949007,nmol_m2_s1,2022-08-18,low,10.1,22.4
SP,12,n2o,-6.123607478979427e-4,0.4168532806153761,-0.08334549599074471,nmol_m2_s1,2022-08-18,low,14.9,21.5
SW,1,n2o,-4.758827164926692e-4,0.408019994459919,-0.060640471765605,nmol_m2_s1,2022-08-18,high,37.7,22.6
SW,2,n2o,-3.8122555490659367e-4,0.2470938601578835,-0.04726083955153951,nmol_m2_s1,2022-08-18,high,40.9,21.8
SW,3,n2o,-5.316074843936049e-4,0.0353654345205306,-0.05984933709467626,nmol_m2_s1,2022-08-18,high,47.3,21.6
SW,4,n2o,-3.316710358758933e-4,0.12268058151636373,-0.03508424868655808,nmol_m2_s1,2022-08-18,high,43.8,22.1
SW,5,n2o,-5.006527168531683e-4,0.16664315591748208,-0.06087252768205347,nmol_m2_s1,2022-08-18,mid,23.6,22.1
SW,6,n2o,-5.085865471089498e-4,0.26702067078653735,-0.05919748513473413,nmol_m2_s1,2022-08-18,mid,18.9,20.9
SW,7,n2o,-2.4571848247769817e-4,0.3647535465205545,-0.03230418714482067,nmol_m2_s1,2022-08-18,mid,21.2,20.9
SW,8,n2o,-3.705277092844326e-4,0.4247944809614907,-0.04371364827701547,nmol_m2_s1,2022-08-18,mid,24.1,22.1
SW,9,n2o,-7.702736801594475e-4,0.0916143964927425,-0.08660256664161507,nmol_m2_s1,2022-08-18,low,15.4,20.7
SW,10,n2o,-0.00108536007923338,0.05274227220405558,-0.11094714677120812,nmol_m2_s1,2022-08-18,low,17.4,21.5
SW,11,n2o,-9.111395365250734e-4,0.17344212616950364,-0.10961748439095367,nmol_m2_s1,2022-08-18,low,18.2,21.6
SW,12,n2o,-9.073410893789448e-4,0.3065725430692609,-0.09628134964497316,nmol_m2_s1,2022-08-18,low,18.7,20.9
WW,1,n2o,-0.00162033881217759,0.00230656854074162,-0.15191395594490864,nmol_m2_s1,2022-08-18,high,3.2,20.5
WW,2,n2o,-7.113836648209017e-4,0.0907166121611488,-0.07136246583299356,nmol_m2_s1,2022-08-18,high,3.7,21.1
WW,3,n2o,-5.075223759524406e-4,0.1834624672463755,-0.05932384205024821,nmol_m2_s1,2022-08-18,high,2.3,21.2
WW,4,n2o,-2.803418018318426e-4,0.5705383409823794,-0.03049409945845427,nmol_m2_s1,2022-08-18,high,3.4,22
WW,5,n2o,-3.859865438203709e-4,0.46790740016417137,-0.04615849679095244,nmol_m2_s1,2022-08-18,mid,7.7,21.4
WW,6,n2o,-6.165625310602965e-4,0.34037437016638183,-0.08104131316275268,nmol_m2_s1,2022-08-18,mid,5.4,21.1
WW,7,n2o,-5.161012801438902e-4,0.42288047642947313,-0.06553119886805533,nmol_m2_s1,2022-08-18,mid,8.2,20.8
WW,8,n2o,-2.8645236030416734e-4,0.5726283931688402,-0.03720851932203056,nmol_m2_s1,2022-08-18,mid,8.9,21.6
WW,9,n2o,-8.65052829280161e-4,0.3974762364669231,-0.10615379815600136,nmol_m2_s1,2022-08-18,low,8.1,21.6
WW,10,n2o,-0.00104621781315756,0.10664731159099627,-0.13007490295440616,nmol_m2_s1,2022-08-18,low,9.7,21.3
WW,11,n2o,-5.159634210113374e-4,0.45359951948971394,-0.06708810421909453,nmol_m2_s1,2022-08-18,low,13.1,21.6
WW,12,n2o,-3.8988418067075105e-4,0.4249358991527053,-0.04410870393026103,nmol_m2_s1,2022-08-18,low,10.2,22.3
BP,1,co2,15.1108333115003,6.227406689380063e-4,1.7686497916264052,umol_m2_s1,2022-09-24,high,14.5,16.1
BP,2,co2,22.382160244606307,2.8704521986033517e-5,2.597013472605466,umol_m2_s1,2022-09-24,high,17,15.9
BP,3,co2,22.57775320423277,2.2805522766996893e-5,2.7843458932484086,umol_m2_s1,2022-09-24,high,14.5,16.2
BP,4,co2,23.727169052495036,1.6902017575967746e-4,2.7349852777142467,umol_m2_s1,2022-09-24,high,14.1,15.8
BP,5,co2,24.60312282576578,2.8343933237205443e-4,2.6729479835450243,umol_m2_s1,2022-09-24,mid,18.9,16.4
BP,6,co2,23.46713293515342,9.821212236468317e-5,2.902833695589377,umol_m2_s1,2022-09-24,mid,19.9,16.3
BP,7,co2,17.37181662757452,0.00108982007530117,2.0094008559813283,umol_m2_s1,2022-09-24,mid,20.3,16
BP,8,co2,23.43674716787469,1.6827466199842114e-4,2.689738192555691,umol_m2_s1,2022-09-24,mid,22.2,16.1
BP,9,co2,26.361289587243203,3.1699622074858987e-4,3.597229565831088,umol_m2_s1,2022-09-24,low,17,16.3
BP,10,co2,23.009369677013964,1.1366438364363808e-5,3.2682446258916564,umol_m2_s1,2022-09-24,low,17.7,16.3
BP,11,co2,23.90499801634834,4.528843684877998e-5,3.280770717019029,umol_m2_s1,2022-09-24,low,21.6,16.1
BP,12,co2,23.52981753677488,1.138268137407548e-4,3.247463959236676,umol_m2_s1,2022-09-24,low,19.7,16.2
EW,1,co2,17.343128632691393,8.898397471567829e-5,1.7152156660091675,umol_m2_s1,2022-09-24,high,5.2,15.9
EW,2,co2,8.145882058657868,0.00147376662909233,0.7295242671492074,umol_m2_s1,2022-09-24,high,6.6,16.1
EW,3,co2,13.015451407736958,4.53335855590976e-6,1.1612498323870677,umol_m2_s1,2022-09-24,high,6.1,16.2
EW,4,co2,22.9890840351571,8.18226191488062e-5,2.233141812646898,umol_m2_s1,2022-09-24,high,3.9,16.5
EW,5,co2,19.56357938503445,3.6051990072027534e-4,1.868684250386244,umol_m2_s1,2022-09-24,mid,5,16.7
EW,6,co2,14.553938799757953,6.014319099890948e-5,1.4400437902485688,umol_m2_s1,2022-09-24,mid,6.8,16.3
EW,7,co2,16.568954191848427,2.599777721822305e-4,1.3047196742628733,umol_m2_s1,2022-09-24,mid,10.6,16.8
EW,8,co2,12.09897518770653,4.7319013037924306e-4,1.3846119860647452,umol_m2_s1,2022-09-24,mid,4.7,16.8
EW,9,co2,13.90596853282204,9.470977474592128e-4,1.5093235701544188,umol_m2_s1,2022-09-24,low,6.6,17.6
EW,10,co2,17.58749033625105,1.1124074585343892e-4,1.9063014745777984,umol_m2_s1,2022-09-24,low,6.3,17.2
EW,11,co2,17.85479713883019,9.812735272960498e-5,1.906162554686926,umol_m2_s1,2022-09-24,low,9.2,17
EW,12,co2,20.8724500996794,9.719496771695751e-6,2.3768670250699775,umol_m2_s1,2022-09-24,low,2.1,17.6
NW,1,co2,17.907978017022494,1.031611771106932e-4,2.219220588772386,umol_m2_s1,2022-09-24,high,9.7,18.4
NW,2,co2,19.067530136634264,3.383620007105988e-4,2.3895405123228852,umol_m2_s1,2022-09-24,high,8.1,18.4
NW,3,co2,22.31015612949088,0.00100254714034956,2.6325616672786656,umol_m2_s1,2022-09-24,high,11.7,18.6
NW,4,co2,22.04383065461705,3.457283523542393e-4,2.4626614471453085,umol_m2_s1,2022-09-24,high,12.8,18.3
NW,5,co2,20.029831496140865,5.541193659556244e-5,2.2508826124403867,umol_m2_s1,2022-09-24,mid,3.3,19.6
NW,6,co2,22.512947970615848,1.434058364536901e-4,2.27661593852199,umol_m2_s1,2022-09-24,mid,7.3,19.2
NW,7,co2,18.16795124731078,9.859511983689351e-5,2.2213913112629196,umol_m2_s1,2022-09-24,mid,8.7,19.2
NW,8,co2,18.332794002518952,1.0366705624190036e-4,2.2123518156099884,umol_m2_s1,2022-09-24,mid,8,19.2
NW,9,co2,16.03314492255071,5.288108962736548e-4,1.9300540950623344,umol_m2_s1,2022-09-24,low,7.1,19.3
NW,10,co2,15.048991667965552,5.19183069585276e-4,1.5941932562386931,umol_m2_s1,2022-09-24,low,5.3,19.3
NW,11,co2,16.754047808202507,6.816050408821159e-4,1.853324858461506,umol_m2_s1,2022-09-24,low,2.5,19.2
NW,12,co2,15.349657715962197,4.600949908571621e-4,1.622742269021998,umol_m2_s1,2022-09-24,low,9.9,18.8
SP,1,co2,14.793434046107468,2.3569811986810175e-4,1.84655488450078,umol_m2_s1,2022-09-24,high,10.4,16.1
SP,2,co2,14.914262903379203,8.667874329336963e-4,1.9151343524464417,umol_m2_s1,2022-09-24,high,10.3,15.8
SP,3,co2,13.823886013289828,0.0016686769545763,1.8462635633377888,umol_m2_s1,2022-09-24,high,9.7,16.2
SP,4,co2,6.7864752032715545,0.16174375082151027,0.8054285292208124,umol_m2_s1,2022-09-24,high,11.3,16
SP,5,co2,13.996913982190936,2.31949377365243e-4,2.086499577427071,umol_m2_s1,2022-09-24,mid,11.2,16.3
SP,6,co2,19.65925921598431,7.941460649812636e-5,2.6444386218258615,umol_m2_s1,2022-09-24,mid,13.8,16.4
SP,7,co2,11.269958146879128,4.580835448350765e-4,1.631778600725153,umol_m2_s1,2022-09-24,mid,13.6,16.4
SP,8,co2,17.283820595029507,5.590894746024983e-5,2.293258513173591,umol_m2_s1,2022-09-24,mid,13,16.1
SP,9,co2,20.787589333588414,5.672384987248165e-4,2.644516810419225,umol_m2_s1,2022-09-24,low,16.1,15.4
SP,10,co2,12.702671320042644,1.8969869684731927e-4,1.907161914895143,umol_m2_s1,2022-09-24,low,16.3,16.4
SP,11,co2,24.848578486366556,1.7341236161119217e-5,2.9868325682227135,umol_m2_s1,2022-09-24,low,16.5,16
SP,12,co2,22.749796637329943,0.00103881271070694,3.2524645230751243,umol_m2_s1,2022-09-24,low,17,15.9
SW,1,co2,18.99171989809424,4.4498697080564705e-4,2.544584026909672,umol_m2_s1,2022-09-24,high,39.2,16.1
SW,2,co2,14.242465095445686,1.105255593680969e-4,1.8570390075593424,umol_m2_s1,2022-09-24,high,40.2,16.2
SW,3,co2,14.479335774105095,6.222301371009724e-5,1.7147003404734171,umol_m2_s1,2022-09-24,high,50.6,16.4
SW,4,co2,15.201671173992386,5.000179550727186e-4,1.6861899601084336,umol_m2_s1,2022-09-24,high,47.2,16.1
SW,5,co2,19.336139603774487,6.114573335917417e-5,2.4351173132500543,umol_m2_s1,2022-09-24,mid,23.8,16.3
SW,6,co2,14.594495022535256,2.220676881076775e-5,1.7654104150982042,umol_m2_s1,2022-09-24,mid,30.2,16.2
SW,7,co2,13.748691654109164,3.5234786121844822e-6,1.8784420513173108,umol_m2_s1,2022-09-24,mid,27,16.2
SW,8,co2,15.412628213197468,9.16293995103343e-6,1.8918806080688864,umol_m2_s1,2022-09-24,mid,22.8,15.7
SW,9,co2,29.080442261860156,5.3599344687105274e-5,3.3650663260522964,umol_m2_s1,2022-09-24,low,17.7,15.7
SW,10,co2,24.859308985499453,9.648563678725296e-5,2.6198109474389315,umol_m2_s1,2022-09-24,low,18.9,15.5
SW,11,co2,16.39682522759174,3.8332620887705234e-5,2.02698336935557,umol_m2_s1,2022-09-24,low,24.1,15.6
SW,12,co2,13.425138582419368,6.350341827830586e-4,1.462157350717216,umol_m2_s1,2022-09-24,low,21.9,15.7
WW,1,co2,21.058156615680947,1.150402504301536e-4,2.020889712590867,umol_m2_s1,2022-09-24,high,5.9,14.9
WW,2,co2,18.614222544767195,3.1124615145589264e-4,1.913992398360123,umol_m2_s1,2022-09-24,high,2.9,14.6
WW,3,co2,14.866697125405612,5.338616688655131e-4,1.7793797595211596,umol_m2_s1,2022-09-24,high,5.2,14.9
WW,4,co2,21.34241332418505,5.4138913089332526e-5,2.3746671771643952,umol_m2_s1,2022-09-24,high,5.4,15
WW,5,co2,10.742055529347745,7.34271336196168e-5,1.3186055301815138,umol_m2_s1,2022-09-24,mid,5.5,15.4
WW,6,co2,12.60663581696796,1.9381676998026705e-4,1.7003066828276585,umol_m2_s1,2022-09-24,mid,7.9,15.3
WW,7,co2,15.592726370372768,0.00143887329716857,2.031580093308657,umol_m2_s1,2022-09-24,mid,6.2,15.7
WW,8,co2,11.512665845663212,0.00168610041636889,1.534228227828448,umol_m2_s1,2022-09-24,mid,4.4,15.9
WW,9,co2,18.92825967721126,3.241146305318182e-5,2.388596026322687,umol_m2_s1,2022-09-24,low,5.3,16.1
WW,10,co2,16.444903982793544,1.669777578356693e-5,2.0951435796917113,umol_m2_s1,2022-09-24,low,10.5,16.2
WW,11,co2,16.825679591002693,1.619097522933603e-4,2.24149341561828,umol_m2_s1,2022-09-24,low,14,15.9
WW,12,co2,13.67930479010345,5.254156880272639e-5,1.5855771566633188,umol_m2_s1,2022-09-24,low,7.4,16
BP,1,ch4,-0.0065365778389572,0.15907238766474263,-0.7650747509750397,nmol_m2_s1,2022-09-24,high,14.5,16.1
BP,2,ch4,-0.00551511638924469,0.11422075477296777,-0.639921768467689,nmol_m2_s1,2022-09-24,high,17,15.9
BP,3,ch4,-0.00420672788444305,0.3151636992253425,-0.5187843716383027,nmol_m2_s1,2022-09-24,high,14.5,16.2
BP,4,ch4,-0.00549843806462844,0.2638757109101115,-0.6337944119634052,nmol_m2_s1,2022-09-24,high,14.1,15.8
BP,5,ch4,-0.00422750619414987,0.38715113008251,-0.45928739360042115,nmol_m2_s1,2022-09-24,mid,18.9,16.4
BP,6,ch4,-0.0042917641865586,0.4513195112126712,-0.5308819670767586,nmol_m2_s1,2022-09-24,mid,19.9,16.3
BP,7,ch4,-0.00265074747083952,0.5770716980164877,-0.306612391270616,nmol_m2_s1,2022-09-24,mid,20.3,16
BP,8,ch4,-0.0044810988205658,0.2581179008199687,-0.5142771117492537,nmol_m2_s1,2022-09-24,mid,22.2,16.1
BP,9,ch4,-0.00439941911676145,0.3305189490601038,-0.6003393903367757,nmol_m2_s1,2022-09-24,low,17,16.3
BP,10,ch4,-0.00590774392024706,0.33616670194731496,-0.8391343435096327,nmol_m2_s1,2022-09-24,low,17.7,16.3
BP,11,ch4,-0.00781638113441183,0.14995818101305658,-1.0727360998440936,nmol_m2_s1,2022-09-24,low,21.6,16.1
BP,12,ch4,-0.00721842758866198,0.21970880756298455,-0.9962501154079292,nmol_m2_s1,2022-09-24,low,19.7,16.2
EW,1,ch4,-0.01268913488302119,0.02047110447542477,-1.2549409855863949,nmol_m2_s1,2022-09-24,high,5.2,15.9
EW,2,ch4,-0.01507157820984513,0.02231540996549582,-1.3497718195702435,nmol_m2_s1,2022-09-24,high,6.6,16.1
EW,3,ch4,-0.02159230832140436,5.095175178809434e-4,-1.9264844248256785,nmol_m2_s1,2022-09-24,high,6.1,16.2
EW,4,ch4,-0.01697739457545245,0.01356510126792062,-1.6491709560184054,nmol_m2_s1,2022-09-24,high,3.9,16.5
EW,5,ch4,-0.01484671873238045,0.01910389185362537,-1.4181366772962292,nmol_m2_s1,2022-09-24,mid,5,16.7
EW,6,ch4,-0.01218736861311837,0.03711392779195151,-1.20588280136806,nmol_m2_s1,2022-09-24,mid,6.8,16.3
EW,7,ch4,-0.015546418830622,0.0136742343039895,-1.2242002891541877,nmol_m2_s1,2022-09-24,mid,10.6,16.8
EW,8,ch4,-0.01477561072757641,0.00939934892413725,-1.6909273221434895,nmol_m2_s1,2022-09-24,mid,4.7,16.8
EW,9,ch4,-0.01358627291232694,0.06259431032830232,-1.4746245030488443,nmol_m2_s1,2022-09-24,low,6.6,17.6
EW,10,ch4,-0.01660251116502803,0.01764050059900111,-1.7995399520050956,nmol_m2_s1,2022-09-24,low,6.3,17.2
EW,11,ch4,-0.01069871432743048,0.03618650967509898,-1.1421854012493495,nmol_m2_s1,2022-09-24,low,9.2,17
EW,12,ch4,-0.01308212199108805,0.05498656801199177,-1.4897371525654095,nmol_m2_s1,2022-09-24,low,2.1,17.6
NW,1,ch4,-0.01119107861371094,0.08382745889331514,-1.386838427348425,nmol_m2_s1,2022-09-24,high,9.7,18.4
NW,2,ch4,-0.00814503307206614,0.1630072638156083,-1.0207345345959578,nmol_m2_s1,2022-09-24,high,8.1,18.4
NW,3,ch4,-0.00720025411256466,0.06792645952371341,-0.8496181228578362,nmol_m2_s1,2022-09-24,high,11.7,18.6
NW,4,ch4,-0.0098576009175676,0.14244698374143175,-1.1012574956410028,nmol_m2_s1,2022-09-24,high,12.8,18.3
NW,5,ch4,-0.01132974433482925,0.13866724911683856,-1.273197157528538,nmol_m2_s1,2022-09-24,mid,3.3,19.6
NW,6,ch4,-0.01056186855517265,0.06344306371523455,-1.068066177946331,nmol_m2_s1,2022-09-24,mid,7.3,19.2
NW,7,ch4,-0.01116048810566697,0.12595580466181674,-1.3645903695966517,nmol_m2_s1,2022-09-24,mid,8.7,19.2
NW,8,ch4,-0.00986115274439063,0.06695026404192435,-1.1900171449623247,nmol_m2_s1,2022-09-24,mid,8,19.2
NW,9,ch4,-0.01212547251900676,0.03569045030558633,-1.4596523640822705,nmol_m2_s1,2022-09-24,low,7.1,19.3
NW,10,ch4,-0.01232840608228927,0.07250492801065672,-1.3059919408683291,nmol_m2_s1,2022-09-24,low,5.3,19.3
NW,11,ch4,-0.00926232743709018,0.16418039664989034,-1.0245942880719872,nmol_m2_s1,2022-09-24,low,2.5,19.2
NW,12,ch4,-0.01198186870634191,0.04095236376184077,-1.266704780747883,nmol_m2_s1,2022-09-24,low,9.9,18.8
SP,1,ch4,-0.00248957626945034,0.28151882936783484,-0.31075538014788257,nmol_m2_s1,2022-09-24,high,10.4,16.1
SP,2,ch4,-0.00419581255600323,0.33453002242866475,-0.5387825609944986,nmol_m2_s1,2022-09-24,high,10.3,15.8
SP,3,ch4,-0.00427323303709195,0.2942387005962834,-0.5707161102492762,nmol_m2_s1,2022-09-24,high,9.7,16.2
SP,4,ch4,-0.0033592551319485,0.3971065969921256,-0.3986811767761914,nmol_m2_s1,2022-09-24,high,11.3,16
SP,5,ch4,-0.00629020496873044,0.19317054469244743,-0.9376716914803348,nmol_m2_s1,2022-09-24,mid,11.2,16.3
SP,6,ch4,-0.00566960109004593,0.1422870194695477,-0.7626387102456642,nmol_m2_s1,2022-09-24,mid,13.8,16.4
SP,7,ch4,-0.00510968420438618,0.17622105422097104,-0.7398317928527194,nmol_m2_s1,2022-09-24,mid,13.6,16.4
SP,8,ch4,-0.0048565438006724,0.2282280188420915,-0.6443778072248266,nmol_m2_s1,2022-09-24,mid,13,16.1
SP,9,ch4,-0.00329514894552821,0.236077907533017,-0.4191961193501356,nmol_m2_s1,2022-09-24,low,16.1,15.4
SP,10,ch4,-0.00374763185388725,0.3884500471756789,-0.5626643847349149,nmol_m2_s1,2022-09-24,low,16.3,16.4
SP,11,ch4,-0.0029571645034168,0.48137024272880063,-0.35545515222303464,nmol_m2_s1,2022-09-24,low,16.5,16
SP,12,ch4,-0.00421855434357991,0.4289058006403867,-0.603113010629904,nmol_m2_s1,2022-09-24,low,17,15.9
SW,1,ch4,-0.0025787934352245,0.5680854478401977,-0.3455167103970534,nmol_m2_s1,2022-09-24,high,39.2,16.1
SW,2,ch4,-7.767316047478463e-4,0.8245127218100572,-0.10127606975018384,nmol_m2_s1,2022-09-24,high,40.2,16.2
SW,3,ch4,0.00709632897330932,0.12681118390416665,0.8403754078558152,nmol_m2_s1,2022-09-24,high,50.6,16.4
SW,4,ch4,-0.0021256997965361,0.5080496640400345,-0.23578550108727064,nmol_m2_s1,2022-09-24,high,47.2,16.1
SW,5,ch4,-0.00742755866458316,0.1840101981576864,-0.9353975028074508,nmol_m2_s1,2022-09-24,mid,23.8,16.3
SW,6,ch4,-0.00365306772324899,0.5762486125299663,-0.4418901644575399,nmol_m2_s1,2022-09-24,mid,30.2,16.2
SW,7,ch4,-0.00674474817001203,0.17736811844280953,-0.9215144907486102,nmol_m2_s1,2022-09-24,mid,27,16.2
SW,8,ch4,-0.00688173924474228,0.21934929393782188,-0.8447247832635264,nmol_m2_s1,2022-09-24,mid,22.8,15.7
SW,9,ch4,-0.0084277057547199,0.1858681020264852,-0.9752186223893774,nmol_m2_s1,2022-09-24,low,17.7,15.7
SW,10,ch4,-0.00686910227394826,0.13505584727780096,-0.7239038441038048,nmol_m2_s1,2022-09-24,low,18.9,15.5
SW,11,ch4,-0.00687709800322953,0.08515398864007817,-0.8501501411698611,nmol_m2_s1,2022-09-24,low,24.1,15.6
SW,12,ch4,-0.0075210312224749,0.09156274529216914,-0.8191298003669163,nmol_m2_s1,2022-09-24,low,21.9,15.7
WW,1,ch4,-0.01119900209508979,0.07534146124999236,-1.0747354831807858,nmol_m2_s1,2022-09-24,high,5.9,14.9
WW,2,ch4,-0.01497268893200083,0.01277590945419737,-1.5395546459132954,nmol_m2_s1,2022-09-24,high,2.9,14.6
WW,3,ch4,-0.01324661598958246,0.02811061351471947,-1.5854739068930417,nmol_m2_s1,2022-09-24,high,5.2,14.9
WW,4,ch4,-0.01031015387255541,0.09562194272080209,-1.1471609897521555,nmol_m2_s1,2022-09-24,high,5.4,15
WW,5,ch4,-0.01634951892983581,0.02293313482960331,-2.006931170462668,nmol_m2_s1,2022-09-24,mid,5.5,15.4
WW,6,ch4,-0.01361426992095506,0.02050801958551224,-1.8362102677117649,nmol_m2_s1,2022-09-24,mid,7.9,15.3
WW,7,ch4,-0.01221946717143951,0.04999873130005791,-1.5920773357187876,nmol_m2_s1,2022-09-24,mid,6.2,15.7
WW,8,ch4,-0.0107208659540102,0.03074633702890024,-1.4287095095010875,nmol_m2_s1,2022-09-24,mid,4.4,15.9
WW,9,ch4,-0.00954861847643261,0.0320909913253147,-1.2049598081717907,nmol_m2_s1,2022-09-24,low,5.3,16.1
WW,10,ch4,-0.01393190227199431,0.02153624235151657,-1.7749775631771592,nmol_m2_s1,2022-09-24,low,10.5,16.2
WW,11,ch4,-0.01001755936430443,0.01602389464958773,-1.3345251960973246,nmol_m2_s1,2022-09-24,low,14,15.9
WW,12,ch4,-0.00867009100970393,0.05286107651410195,-1.0049559142160611,nmol_m2_s1,2022-09-24,low,7.4,16
BP,1,n2o,-0.00129340123824997,0.16371186630514112,-0.1513863453697921,nmol_m2_s1,2022-09-24,high,14.5,16.1
BP,2,n2o,-0.00138749348395141,0.1287993991470723,-0.16099157684488685,nmol_m2_s1,2022-09-24,high,17,15.9
BP,3,n2o,-9.390181935262636e-4,0.30867980866061095,-0.11580210958901914,nmol_m2_s1,2022-09-24,high,14.5,16.2
BP,4,n2o,-0.00121803315377095,0.0710266380008835,-0.1404003459477648,nmol_m2_s1,2022-09-24,high,14.1,15.8
BP,5,n2o,-0.00110090902046098,0.06926847932038908,-0.11960565197951098,nmol_m2_s1,2022-09-24,mid,18.9,16.4
BP,6,n2o,-0.00238052256977575,0.17977215477610584,-0.29446550406268807,nmol_m2_s1,2022-09-24,mid,19.9,16.3
BP,7,n2o,-0.00115394957538033,0.19835176779364183,-0.13347753515012048,nmol_m2_s1,2022-09-24,mid,20.3,16
BP,8,n2o,-0.00129100288537896,0.10640317474661608,-0.14816304253446785,nmol_m2_s1,2022-09-24,mid,22.2,16.1
BP,9,n2o,-0.0010103493971476,0.13788824981319625,-0.13787105183950318,nmol_m2_s1,2022-09-24,low,17,16.3
BP,10,n2o,-0.00110109614929337,0.12428167050824585,-0.15639939829003904,nmol_m2_s1,2022-09-24,low,17.7,16.3
BP,11,n2o,-0.00125434777628023,0.09359617350853083,-0.17214924889614133,nmol_m2_s1,2022-09-24,low,21.6,16.1
BP,12,n2o,-0.00111622539008777,0.1261305912010188,-0.1540556665613558,nmol_m2_s1,2022-09-24,low,19.7,16.2
EW,1,n2o,-9.07661166085396e-4,0.34003026274673165,-0.08976665539822057,nmol_m2_s1,2022-09-24,high,5.2,15.9
EW,2,n2o,-0.00108069482539952,0.30414275633239873,-0.09678425182618255,nmol_m2_s1,2022-09-24,high,6.6,16.1
EW,3,n2o,-0.00135536419300279,0.0763671697914579,-0.1209267656296821,nmol_m2_s1,2022-09-24,high,6.1,16.2
EW,4,n2o,-0.00133341365396242,0.2321667505523462,-0.129526769299028,nmol_m2_s1,2022-09-24,high,3.9,16.5
EW,5,n2o,-0.00135696246743618,0.38883730882064904,-0.1296150536339483,nmol_m2_s1,2022-09-24,mid,5,16.7
EW,6,n2o,-0.00139497135469233,0.15792858971832296,-0.13802585434348072,nmol_m2_s1,2022-09-24,mid,6.8,16.3
EW,7,n2o,-0.00124277924555132,0.4311877308892509,-0.0978624549058208,nmol_m2_s1,2022-09-24,mid,10.6,16.8
EW,8,n2o,-0.00127925405410107,0.2622868466271337,-0.14639839069427993,nmol_m2_s1,2022-09-24,mid,4.7,16.8
EW,9,n2o,-0.00136593105385055,0.2576406380988348,-0.14825518480905966,nmol_m2_s1,2022-09-24,low,6.6,17.6
EW,10,n2o,-0.00121091954067557,0.2682865256631529,-0.13125111439162637,nmol_m2_s1,2022-09-24,low,6.3,17.2
EW,11,n2o,-8.995579058162946e-4,9.006143645453489e-4,-0.0960360166798262,nmol_m2_s1,2022-09-24,low,9.2,17
EW,12,n2o,-0.00111147458150121,0.23850169259999937,-0.12657006098264706,nmol_m2_s1,2022-09-24,low,2.1,17.6
NW,1,n2o,-8.680283355632719e-4,0.1845634023097348,-0.10756917124248996,nmol_m2_s1,2022-09-24,high,9.7,18.4
NW,2,n2o,-8.304675112217133e-4,0.29444146178943387,-0.1040740855271846,nmol_m2_s1,2022-09-24,high,8.1,18.4
NW,3,n2o,-9.701547441628732e-4,0.2941491758986293,-0.1144766614804503,nmol_m2_s1,2022-09-24,high,11.7,18.6
NW,4,n2o,-0.00145619904401079,0.12756957946952355,-0.1626815820372907,nmol_m2_s1,2022-09-24,high,12.8,18.3
NW,5,n2o,-0.00118878021089031,0.12524098592060107,-0.13359097440344217,nmol_m2_s1,2022-09-24,mid,3.3,19.6
NW,6,n2o,-8.391854552941604e-4,0.15252475094172405,-0.08486240830797143,nmol_m2_s1,2022-09-24,mid,7.3,19.2
NW,7,n2o,-0.00107392378386373,0.03385730051979029,-0.1313084194227241,nmol_m2_s1,2022-09-24,mid,8.7,19.2
NW,8,n2o,-0.00134027295816438,0.07728133890852867,-0.16174050240244447,nmol_m2_s1,2022-09-24,mid,8,19.2
NW,9,n2o,-9.940189865576391e-4,0.08167223533726282,-0.1196590204131996,nmol_m2_s1,2022-09-24,low,7.1,19.3
NW,10,n2o,-5.589983866524977e-4,0.2932166710714308,-0.05921668892585643,nmol_m2_s1,2022-09-24,low,5.3,19.3
NW,11,n2o,-8.636965282646834e-4,0.0667413443989797,-0.09554170217994463,nmol_m2_s1,2022-09-24,low,2.5,19.2
NW,12,n2o,-0.00159043967516909,0.01922446832960082,-0.1681388428969744,nmol_m2_s1,2022-09-24,low,9.9,18.8
SP,1,n2o,-8.64842269305901e-4,0.21399531002181177,-0.10795185970560749,nmol_m2_s1,2022-09-24,high,10.4,16.1
SP,2,n2o,-0.00110614356163385,0.08866470516777811,-0.1420394388476593,nmol_m2_s1,2022-09-24,high,10.3,15.8
SP,3,n2o,-6.04309675072393e-4,0.3997891049806015,-0.08070921107032031,nmol_m2_s1,2022-09-24,high,9.7,16.2
SP,4,n2o,-0.00160889694820625,0.06451040744154896,-0.1909461780744329,nmol_m2_s1,2022-09-24,high,11.3,16
SP,5,n2o,-0.00108611863054195,0.1672252668275729,-0.1619061220598229,nmol_m2_s1,2022-09-24,mid,11.2,16.3
SP,6,n2o,-0.00116592989229698,0.0600386706396681,-0.15683348002372977,nmol_m2_s1,2022-09-24,mid,13.8,16.4
SP,7,n2o,-9.70636999602056e-4,0.13091597976928612,-0.14053864835880575,nmol_m2_s1,2022-09-24,mid,13.6,16.4
SP,8,n2o,-9.77845363366102e-4,0.2361124280782455,-0.12974285354197226,nmol_m2_s1,2022-09-24,mid,13,16.1
SP,9,n2o,-6.142547256465677e-4,0.3871083782367084,-0.0781431132674482,nmol_m2_s1,2022-09-24,low,16.1,15.4
SP,10,n2o,-9.027809315200202e-4,0.20091730442404332,-0.13554230970078843,nmol_m2_s1,2022-09-24,low,16.3,16.4
SP,11,n2o,-7.635445944266646e-4,0.21233382264989645,-0.0917790876116004,nmol_m2_s1,2022-09-24,low,16.5,16
SP,12,n2o,-0.00130923006478473,0.05773747586497285,-0.18717636936008464,nmol_m2_s1,2022-09-24,low,17,15.9
SW,1,n2o,-0.00103751085923454,0.21635028089815245,-0.13900971446079818,nmol_m2_s1,2022-09-24,high,39.2,16.1
SW,2,n2o,-0.00128490756065849,0.11966197529680007,-0.1675358475699371,nmol_m2_s1,2022-09-24,high,40.2,16.2
SW,3,n2o,-0.00109142045932695,0.14310114026014698,-0.1292503373362264,nmol_m2_s1,2022-09-24,high,50.6,16.4
SW,4,n2o,-0.00113904103330922,0.08996137704813623,-0.12634397445745624,nmol_m2_s1,2022-09-24,high,47.2,16.1
SW,5,n2o,-0.00111184421471742,0.10034762079461688,-0.14002128410196168,nmol_m2_s1,2022-09-24,mid,23.8,16.3
SW,6,n2o,-0.00126686736159732,0.06016496388964909,-0.15324551012271856,nmol_m2_s1,2022-09-24,mid,30.2,16.2
SW,7,n2o,-0.00140857194860135,0.04573431811446119,-0.1924489142039881,nmol_m2_s1,2022-09-24,mid,27,16.2
SW,8,n2o,-0.0010177714455106,0.11372522124649932,-0.12493015691892066,nmol_m2_s1,2022-09-24,mid,22.8,15.7
SW,9,n2o,-0.00133979244773627,0.09200932326423895,-0.15503514042802294,nmol_m2_s1,2022-09-24,low,17.7,15.7
SW,10,n2o,-0.00104198569650872,0.09589298202366311,-0.10981019369366352,nmol_m2_s1,2022-09-24,low,18.9,15.5
SW,11,n2o,-7.502229168482962e-4,0.0981101230429187,-0.0927429154518269,nmol_m2_s1,2022-09-24,low,24.1,15.6
SW,12,n2o,-0.00148819876225659,0.14754975324547875,-0.16208255476865238,nmol_m2_s1,2022-09-24,low,21.9,15.7
WW,1,n2o,-0.0026421821971219,0.17701820015770114,-0.2535624992445104,nmol_m2_s1,2022-09-24,high,5.9,14.9
WW,2,n2o,-0.00178473004117545,0.34725387728228546,-0.1835134249480138,nmol_m2_s1,2022-09-24,high,2.9,14.6
WW,3,n2o,-0.00255856752730854,0.14984745455719842,-0.3062323280724471,nmol_m2_s1,2022-09-24,high,5.2,14.9
WW,4,n2o,-0.00211414453527506,0.12442957574666438,-0.2352306442313201,nmol_m2_s1,2022-09-24,high,5.4,15
WW,5,n2o,-0.00220146427505891,0.1589279176056834,-0.27023347250989094,nmol_m2_s1,2022-09-24,mid,5.5,15.4
WW,6,n2o,-0.00163644520314005,0.11508911606166276,-0.22071381734016843,nmol_m2_s1,2022-09-24,mid,7.9,15.3
WW,7,n2o,-0.00162437207179781,0.2561831376507646,-0.2116398304443586,nmol_m2_s1,2022-09-24,mid,6.2,15.7
WW,8,n2o,-0.0029312840628651,0.038608805348664,-0.3906357409587632,nmol_m2_s1,2022-09-24,mid,4.4,15.9
WW,9,n2o,-0.00204602966228635,0.10620595647051392,-0.2581926920074649,nmol_m2_s1,2022-09-24,low,5.3,16.1
WW,10,n2o,-0.00171724953810153,0.04811996420136356,-0.218784150290356,nmol_m2_s1,2022-09-24,low,10.5,16.2
WW,11,n2o,-0.00183611262274123,0.333812659879048,-0.24460434610967272,nmol_m2_s1,2022-09-24,low,14,15.9
WW,12,n2o,-0.00155808842302445,0.2803882888301875,-0.18059904721155487,nmol_m2_s1,2022-09-24,low,7.4,16
BP,1,co2,7.074799378847729,5.958075022483074e-4,0.8297291997509938,umol_m2_s1,2022-10-22,high,13.4,9.2
BP,2,co2,6.0527976825866245,2.706773439941115e-4,0.7019082731102649,umol_m2_s1,2022-10-22,high,12.9,9.6
BP,3,co2,2.841391887029704,0.05697733746098301,0.3508689410268005,umol_m2_s1,2022-10-22,high,16.1,9.4
BP,4,co2,7.662468288391787,8.669165592607905e-5,0.879422309232554,umol_m2_s1,2022-10-22,high,18.1,9.3
BP,5,co2,8.581159362343657,3.367103320288879e-6,0.938844706519046,umol_m2_s1,2022-10-22,mid,15.3,11.1
BP,6,co2,8.30024440872492,1.4167970911926996e-5,1.040663949309954,umol_m2_s1,2022-10-22,mid,16,10.4
BP,7,co2,9.800846633257343,1.0153329643543073e-6,1.1418763087810364,umol_m2_s1,2022-10-22,mid,16.7,10.3
BP,8,co2,7.029368164943126,4.2352728746289993e-4,0.8162977540016502,umol_m2_s1,2022-10-22,mid,18.4,9.9
BP,9,co2,7.935159481260908,4.413484572461742e-4,1.0674514124993173,umol_m2_s1,2022-10-22,low,6.6,13.6
BP,10,co2,10.549323531237816,3.810019801225499e-4,1.4786493874170372,umol_m2_s1,2022-10-22,low,8.9,12.7
BP,11,co2,6.9473855708154835,4.808352503525109e-4,0.937069187253036,umol_m2_s1,2022-10-22,low,9.2,12.4
BP,12,co2,9.953495124795433,2.5072027335225344e-4,1.353042243542163,umol_m2_s1,2022-10-22,low,9.4,12
EW,1,co2,7.715294757514353,6.55367492041317e-4,0.7568887398596392,umol_m2_s1,2022-10-22,high,3.6,11.3
EW,2,co2,4.873788680168452,1.4818045960665142e-5,0.43378107386678066,umol_m2_s1,2022-10-22,high,3.7,11.3
EW,3,co2,5.671086606007597,3.008602729858868e-4,0.5027597500533093,umol_m2_s1,2022-10-22,high,3.1,11.3
EW,4,co2,12.368326682969982,1.307357930946876e-5,1.1929916405576912,umol_m2_s1,2022-10-22,high,2.5,11.7
EW,5,co2,11.943360855687628,6.656674509428561e-5,1.1360809743778255,umol_m2_s1,2022-10-22,mid,4.2,11.1
EW,6,co2,7.20920799733261,2.2481923851425448e-4,0.7079502947263195,umol_m2_s1,2022-10-22,mid,4.9,11.4
EW,7,co2,8.699107458045077,4.710103820324878e-5,0.6805503922506174,umol_m2_s1,2022-10-22,mid,4.9,11.3
EW,8,co2,7.361963107555769,0.00294919825405798,0.8368831997710234,umol_m2_s1,2022-10-22,mid,3.2,11.7
EW,9,co2,8.917805978291941,0.00265965521322837,0.9601518366890676,umol_m2_s1,2022-10-22,low,4.2,11.3
EW,10,co2,9.024675312704408,1.0995614305329371e-4,0.9677205158373382,umol_m2_s1,2022-10-22,low,3.6,11.4
EW,11,co2,12.042449513084089,6.390908088181416e-5,1.2790230014730086,umol_m2_s1,2022-10-22,low,3.9,11.6
EW,12,co2,6.75774943290974,9.735678477766572e-4,0.7609248358571787,umol_m2_s1,2022-10-22,low,3.1,12.2
NW,1,co2,10.533300625798647,4.505556487085432e-4,1.2625348842933304,umol_m2_s1,2022-10-22,high,10.2,12.6
NW,2,co2,10.7368767737929,0.00113540463623579,1.309028781157938,umol_m2_s1,2022-10-22,high,7.6,12.4
NW,3,co2,15.21930341695299,4.456229521432605e-5,1.7461337697676764,umol_m2_s1,2022-10-22,high,8,12.4
NW,4,co2,14.416163973870528,4.0275615380951817e-4,1.5763181295550108,umol_m2_s1,2022-10-22,high,9.6,11.8
NW,5,co2,13.538528681053425,2.773403290606284e-6,1.4774426171863115,umol_m2_s1,2022-10-22,mid,3.3,12.6
NW,6,co2,16.831541904537954,5.29081929004889e-4,1.6600365791993517,umol_m2_s1,2022-10-22,mid,7.1,12.8
NW,7,co2,10.225296817403246,2.9898710910377144e-4,1.220229568724311,umol_m2_s1,2022-10-22,mid,8.1,13.6
NW,8,co2,13.3791744601725,1.6009417555140856e-4,1.58768108289701,umol_m2_s1,2022-10-22,mid,6.3,12.7
NW,9,co2,11.491313648070276,1.2682424557888014e-4,1.333503386474959,umol_m2_s1,2022-10-22,low,5.2,14.6
NW,10,co2,11.080891226696844,3.275423218309598e-6,1.136955004389139,umol_m2_s1,2022-10-22,low,3.8,15.9
NW,11,co2,9.773125328008804,1.8163418516855623e-4,1.0472010162701393,umol_m2_s1,2022-10-22,low,3.6,15.7
NW,12,co2,11.750480101395969,1.6805454424824302e-4,1.2094318621870688,umol_m2_s1,2022-10-22,low,7.1,15.1
SP,1,co2,8.939307117696323,2.144996513124374e-5,1.0758271110489128,umol_m2_s1,2022-10-22,high,9.1,12.3
SP,2,co2,7.143266700974251,2.337762076285935e-4,0.8914485067119741,umol_m2_s1,2022-10-22,high,9,12.6
SP,3,co2,9.46950075134672,3.000230467827752e-4,1.220201145639194,umol_m2_s1,2022-10-22,high,7.4,12.6
SP,4,co2,7.6733365484810525,2.007241393423444e-4,0.8816782614464449,umol_m2_s1,2022-10-22,high,8.6,12.2
SP,5,co2,12.673931157894511,9.21253343683482e-5,1.830899444086412,umol_m2_s1,2022-10-22,mid,9.6,13.1
SP,6,co2,10.974485260397207,7.297445380817086e-5,1.4375175235970252,umol_m2_s1,2022-10-22,mid,8.8,11.7
SP,7,co2,7.188943974901831,5.6793056637845736e-5,1.0149805893358386,umol_m2_s1,2022-10-22,mid,11,11.2
SP,8,co2,8.35584828300826,0.00127944833453611,1.0867119209435794,umol_m2_s1,2022-10-22,mid,8.7,10.4
SP,9,co2,11.48591078959477,7.591454011889872e-4,1.4232295036900908,umol_m2_s1,2022-10-22,low,9.2,12.6
SP,10,co2,9.871211278581445,1.2993873805889308e-5,1.4409029619855556,umol_m2_s1,2022-10-22,low,12.9,12.1
SP,11,co2,11.633818619033288,5.532898518537852e-4,1.361592390778125,umol_m2_s1,2022-10-22,low,12.5,12.3
SP,12,co2,13.17853735896136,7.665689432842428e-6,1.8419983187308633,umol_m2_s1,2022-10-22,low,19.5,11.1
SW,1,co2,7.483845642446297,0.00169271198657602,1.0101395182147737,umol_m2_s1,2022-10-22,high,40.3,9.3
SW,2,co2,7.447725830824815,3.568942655748759e-4,0.9765953726039734,umol_m2_s1,2022-10-22,high,44,9.6
SW,3,co2,8.044942778453168,4.954762234150607e-4,0.9582940799583884,umol_m2_s1,2022-10-22,high,44.3,10.2
SW,4,co2,8.522802622298489,1.0961438617072966e-5,0.9531629650966896,umol_m2_s1,2022-10-22,high,45.8,9.5
SW,5,co2,8.408285039435818,3.047261926778184e-4,1.0585473709505044,umol_m2_s1,2022-10-22,mid,31.5,8.4
SW,6,co2,6.742075064754734,2.3869962971755136e-5,0.8208486513853442,umol_m2_s1,2022-10-22,mid,28.1,8.2
SW,7,co2,6.586270958209766,1.2473008828945832e-5,0.90524418097701,umol_m2_s1,2022-10-22,mid,24.8,8.4
SW,8,co2,8.020441229844343,5.307957250311847e-5,0.9875199761331004,umol_m2_s1,2022-10-22,mid,25,8.8
SW,9,co2,11.700194829998985,3.0600636129757856e-5,1.3640926369110276,umol_m2_s1,2022-10-22,low,15.7,8.9
SW,10,co2,10.74466039392858,3.195131753952772e-4,1.1396968999560673,umol_m2_s1,2022-10-22,low,17.4,8.6
SW,11,co2,6.9973671881466775,6.924227836725161e-6,0.8697479798574063,umol_m2_s1,2022-10-22,low,22.9,8.4
SW,12,co2,8.537502779304896,2.9401677193348013e-6,0.934126464588948,umol_m2_s1,2022-10-22,low,9.2,8.4
WW,1,co2,0.3785145520271242,0.9511974740064624,0.03521480394348709,umol_m2_s1,2022-10-22,high,3.5,13.5
WW,2,co2,10.451281506153952,0.00166671651687175,1.0410619362115765,umol_m2_s1,2022-10-22,high,3.9,13.8
WW,3,co2,11.952001532632575,1.7225542100219167e-4,1.3874852030977118,umol_m2_s1,2022-10-22,high,3.7,13.8
WW,4,co2,18.11314905809009,4.962313364262224e-4,1.954464282772478,umol_m2_s1,2022-10-22,high,4.1,13.6
WW,5,co2,8.503773809703823,4.6765610312846974e-4,1.0121838452850207,umol_m2_s1,2022-10-22,mid,3.8,13.7
WW,6,co2,8.506488491842287,0.00441447977858922,1.116041443173175,umol_m2_s1,2022-10-22,mid,4.5,14.4
WW,7,co2,13.439865478126157,6.932281005727556e-5,1.7042237626701002,umol_m2_s1,2022-10-22,mid,5,14
WW,8,co2,8.971723326176393,2.2104726654940187e-4,1.163076929595425,umol_m2_s1,2022-10-22,mid,2.8,13.5
WW,9,co2,14.397258954579248,0.00175002800134348,1.7696967227811295,umol_m2_s1,2022-10-22,low,3.2,18.4
WW,10,co2,8.657786438608607,0.1694972748047451,1.0749698905830625,umol_m2_s1,2022-10-22,low,4.1,18.4
WW,11,co2,12.32308137368596,2.1408534523005224e-4,1.597760854798706,umol_m2_s1,2022-10-22,low,6.5,18.7
WW,12,co2,7.9828576412217,0.00210995241846322,0.902216136164834,umol_m2_s1,2022-10-22,low,4.7,19.1
BP,1,ch4,-0.00222162562451516,0.2638522564317776,-0.2605512259593559,nmol_m2_s1,2022-10-22,high,13.4,9.2
BP,2,ch4,5.656426830148319e-4,0.14060946364988575,0.06559434160084623,nmol_m2_s1,2022-10-22,high,12.9,9.6
BP,3,ch4,-7.116537548208459e-4,0.5309545104388085,-0.08787847972380947,nmol_m2_s1,2022-10-22,high,16.1,9.4
BP,4,ch4,-2.3092221721655688e-4,0.9217374106081552,-0.02650296769584521,nmol_m2_s1,2022-10-22,high,18.1,9.3
BP,5,ch4,-1.6412649554573098e-4,0.9426452036019416,-0.01795669851078805,nmol_m2_s1,2022-10-22,mid,15.3,11.1
BP,6,ch4,-0.00384248703352799,0.04175880662540997,-0.48176144394979464,nmol_m2_s1,2022-10-22,mid,16,10.4
BP,7,ch4,-0.00418318717195491,0.09436020743522792,-0.4873744591251205,nmol_m2_s1,2022-10-22,mid,16.7,10.3
BP,8,ch4,-0.0018009404897221,0.13237767381314156,-0.2091373850899552,nmol_m2_s1,2022-10-22,mid,18.4,9.9
BP,9,ch4,-0.00274723431792404,0.04306312841651123,-0.3695627239830383,nmol_m2_s1,2022-10-22,low,6.6,13.6
BP,10,ch4,-0.00566941505919319,0.0689177091328793,-0.7946554183749922,nmol_m2_s1,2022-10-22,low,8.9,12.7
BP,11,ch4,-0.00169930664977313,0.2543755849698992,-0.22920390483087505,nmol_m2_s1,2022-10-22,low,9.2,12.4
BP,12,ch4,-0.00287299724323706,0.07089567655261549,-0.39054488769439305,nmol_m2_s1,2022-10-22,low,9.4,12
EW,1,ch4,-0.01435008612279378,6.901251235680304e-4,-1.4077775307003202,nmol_m2_s1,2022-10-22,high,3.6,11.3
EW,2,ch4,-0.01788366752001155,0.00165899752127524,-1.5916973448341944,nmol_m2_s1,2022-10-22,high,3.7,11.3
EW,3,ch4,-0.01730440585710133,0.00140887767400614,-1.5340902666379823,nmol_m2_s1,2022-10-22,high,3.1,11.3
EW,4,ch4,-0.01039447778814145,0.02188436211305443,-1.0026032968784453,nmol_m2_s1,2022-10-22,high,2.5,11.7
EW,5,ch4,-0.01401401586407543,0.00120743738640708,-1.333046618132052,nmol_m2_s1,2022-10-22,mid,4.2,11.1
EW,6,ch4,-0.01623785511527013,0.01112171526216107,-1.5945710428707431,nmol_m2_s1,2022-10-22,mid,4.9,11.4
EW,7,ch4,-0.01446913618771748,6.579970150950089e-4,-1.131952485421029,nmol_m2_s1,2022-10-22,mid,4.9,11.3
EW,8,ch4,-0.01357219131730866,0.00642944411514082,-1.542841050898017,nmol_m2_s1,2022-10-22,mid,3.2,11.7
EW,9,ch4,-0.01056989505562929,0.00858682131826981,-1.1380270187507462,nmol_m2_s1,2022-10-22,low,4.2,11.3
EW,10,ch4,-0.01738389474886155,0.00217878087928245,-1.8640838601637235,nmol_m2_s1,2022-10-22,low,3.6,11.4
EW,11,ch4,-0.00957107536056206,0.00678443195426889,-1.0165394940364874,nmol_m2_s1,2022-10-22,low,3.9,11.6
EW,12,ch4,-0.01034455562329006,0.00328753025951851,-1.164800406971908,nmol_m2_s1,2022-10-22,low,3.1,12.2
NW,1,ch4,-0.01039905252833984,1.70703709373916e-4,-1.246443735638879,nmol_m2_s1,2022-10-22,high,10.2,12.6
NW,2,ch4,-0.00954746719257312,0.05632842095947014,-1.1640172096176893,nmol_m2_s1,2022-10-22,high,7.6,12.4
NW,3,ch4,-0.00674721179880948,0.00512630466019997,-0.7741178456664798,nmol_m2_s1,2022-10-22,high,8,12.4
NW,4,ch4,-0.00519198878140145,0.09510057045217442,-0.567711775435084,nmol_m2_s1,2022-10-22,high,9.6,11.8
NW,5,ch4,-0.00907371470368572,0.00159280956435388,-0.99020308005672,nmol_m2_s1,2022-10-22,mid,3.3,12.6
NW,6,ch4,-0.00974156466215812,0.02344595655387768,-0.9607767232221484,nmol_m2_s1,2022-10-22,mid,7.1,12.8
NW,7,ch4,-0.00947621060526527,0.02302667348960973,-1.130837821775827,nmol_m2_s1,2022-10-22,mid,8.1,13.6
NW,8,ch4,-0.0082659755910736,0.06489116857838785,-0.9809075378083364,nmol_m2_s1,2022-10-22,mid,6.3,12.7
NW,9,ch4,-0.00873536511881316,0.01467035729932698,-1.013690803747988,nmol_m2_s1,2022-10-22,low,5.2,14.6
NW,10,ch4,-0.01054647163433376,0.02269948363519608,-1.0821208743945303,nmol_m2_s1,2022-10-22,low,3.8,15.9
NW,11,ch4,-0.00859620669029588,0.02789757316605983,-0.9210929032442984,nmol_m2_s1,2022-10-22,low,3.6,15.7
NW,12,ch4,-0.01186882955022775,0.00298479692754951,-1.2216131171702105,nmol_m2_s1,2022-10-22,low,7.1,15.1
SP,1,ch4,-0.00101996615402202,0.4970259691737574,-0.12275081574017543,nmol_m2_s1,2022-10-22,high,9.1,12.3
SP,2,ch4,-0.00211558053082112,0.4675694196188956,-0.26401521656362004,nmol_m2_s1,2022-10-22,high,9,12.6
SP,3,ch4,-0.00158907777675546,0.4753512100088072,-0.2047620645081039,nmol_m2_s1,2022-10-22,high,7.4,12.6
SP,4,ch4,-2.8190744720518095e-4,0.7136680253294694,-0.03239160257995859,nmol_m2_s1,2022-10-22,high,8.6,12.2
SP,5,ch4,-0.00683081913552904,0.04338989568133856,-0.986792716646934,nmol_m2_s1,2022-10-22,mid,9.6,13.1
SP,6,ch4,-0.00284396671577821,0.29599103545974337,-0.3725233478795423,nmol_m2_s1,2022-10-22,mid,8.8,11.7
SP,7,ch4,-0.00284449492582469,0.2236531683059973,-0.40160378857532697,nmol_m2_s1,2022-10-22,mid,11,11.2
SP,8,ch4,-0.00305258333126244,0.24490078249253008,-0.39700082904835543,nmol_m2_s1,2022-10-22,mid,8.7,10.4
SP,9,ch4,-0.00229336656184251,0.10779911540013253,-0.2841731068072941,nmol_m2_s1,2022-10-22,low,9.2,12.6
SP,10,ch4,-0.00395559965750152,0.02279593681987873,-0.5773997842888906,nmol_m2_s1,2022-10-22,low,12.9,12.1
SP,11,ch4,-0.00310055870058225,0.00109565055753115,-0.3628814641279412,nmol_m2_s1,2022-10-22,low,12.5,12.3
SP,12,ch4,-0.00486733858468469,0.09697204440050482,-0.6803205276484239,nmol_m2_s1,2022-10-22,low,19.5,11.1
SW,1,ch4,-0.00351449062242307,0.2933101925288654,-0.4743718715909172,nmol_m2_s1,2022-10-22,high,40.3,9.3
SW,2,ch4,-0.00142106516174436,0.470088034621735,-0.1863395206338528,nmol_m2_s1,2022-10-22,high,44,9.6
SW,3,ch4,-0.00213990817916521,0.08066228607284773,-0.2549006744014211,nmol_m2_s1,2022-10-22,high,44.3,10.2
SW,4,ch4,8.202899062553303e-4,0.3759770562968343,0.09173859749369112,nmol_m2_s1,2022-10-22,high,45.8,9.5
SW,5,ch4,-0.00378609425847356,0.01190893818371259,-0.4766441794826334,nmol_m2_s1,2022-10-22,mid,31.5,8.4
SW,6,ch4,-0.00158741876282103,0.2568839355420154,-0.19326847270764352,nmol_m2_s1,2022-10-22,mid,28.1,8.2
SW,7,ch4,-0.00365443861460696,0.0119012293857664,-0.5022810800832642,nmol_m2_s1,2022-10-22,mid,24.8,8.4
SW,8,ch4,-0.00559244495849328,0.05701112625610142,-0.6885719817242703,nmol_m2_s1,2022-10-22,mid,25,8.8
SW,9,ch4,-0.00588180493579414,0.01558374025773659,-0.6857430086627389,nmol_m2_s1,2022-10-22,low,15.7,8.9
SW,10,ch4,-0.00605939200428935,0.01624993088826415,-0.6427257846892408,nmol_m2_s1,2022-10-22,low,17.4,8.6
SW,11,ch4,-9.541193049619712e-4,0.5945567778302466,-0.11859365325852214,nmol_m2_s1,2022-10-22,low,22.9,8.4
SW,12,ch4,-0.00398728646564386,0.06191450961157488,-0.43626689275977154,nmol_m2_s1,2022-10-22,low,9.2,8.4
WW,1,ch4,-5.947368823178221e-4,0.8286246447719451,-0.05533087855307094,nmol_m2_s1,2022-10-22,high,3.5,13.5
WW,2,ch4,-0.01529328089711265,0.00204702623363657,-1.5233780290389092,nmol_m2_s1,2022-10-22,high,3.9,13.8
WW,3,ch4,-0.01050710402183581,0.00104954128317356,-1.2197497898491787,nmol_m2_s1,2022-10-22,high,3.7,13.8
WW,4,ch4,-0.00876428804984174,0.02758220366896741,-0.9456935347028788,nmol_m2_s1,2022-10-22,high,4.1,13.6
WW,5,ch4,-0.0142797619725665,0.00430638931795279,-1.6996858931800047,nmol_m2_s1,2022-10-22,mid,3.8,13.7
WW,6,ch4,-0.01273731090354656,0.00444590046585862,-1.6711204460656173,nmol_m2_s1,2022-10-22,mid,4.5,14.4
WW,7,ch4,-0.01437928879633893,8.93501173833651e-4,-1.8233460518559752,nmol_m2_s1,2022-10-22,mid,5,14
WW,8,ch4,-0.01598119678118569,0.00139906529272026,-2.0717715658139206,nmol_m2_s1,2022-10-22,mid,2.8,13.5
WW,9,ch4,-0.01047503811556094,0.01204753477452476,-1.287581246027353,nmol_m2_s1,2022-10-22,low,3.2,18.4
WW,10,ch4,-0.0095684439329378,0.30584367725285644,-1.1880391368597152,nmol_m2_s1,2022-10-22,low,4.1,18.4
WW,11,ch4,-0.01265730469852429,0.00273232379633748,-1.6410948983706044,nmol_m2_s1,2022-10-22,low,6.5,18.7
WW,12,ch4,-0.00792312687120198,0.0254316361327634,-0.895465412682172,nmol_m2_s1,2022-10-22,low,4.7,19.1
BP,1,n2o,1.7061559368645475e-4,0.8131019500236126,0.02000971793458254,nmol_m2_s1,2022-10-22,high,13.4,9.2
BP,2,n2o,3.2066449683021967e-4,0.544937460030592,0.03718562473439327,nmol_m2_s1,2022-10-22,high,12.9,9.6
BP,3,n2o,1.9018080863981716e-4,0.7777833924555427,0.02348445465606964,nmol_m2_s1,2022-10-22,high,16.1,9.4
BP,4,n2o,0.00103699076392647,0.06334605889423624,0.11901554146026344,nmol_m2_s1,2022-10-22,high,18.1,9.3
BP,5,n2o,7.789570419271518e-4,0.03893171499110414,0.08522387996058675,nmol_m2_s1,2022-10-22,mid,15.3,11.1
BP,6,n2o,-6.434622530758243e-5,0.7857664645729472,-0.00806756929728333,nmol_m2_s1,2022-10-22,mid,16,10.4
BP,7,n2o,1.03764332882122e-5,0.9886926089981604,0.00120893671585987,nmol_m2_s1,2022-10-22,mid,16.7,10.3
BP,8,n2o,5.157749853892835e-4,0.3960531277073559,0.05989527824751693,nmol_m2_s1,2022-10-22,mid,18.4,9.9
BP,9,n2o,8.749785840739337e-4,0.02533957814537121,0.11770363628885248,nmol_m2_s1,2022-10-22,low,6.6,13.6
BP,10,n2o,6.275485523282465e-4,0.00575802571070093,0.08796054834482181,nmol_m2_s1,2022-10-22,low,8.9,12.7
BP,11,n2o,5.853387365498149e-4,0.00938062914192876,0.07895097926198312,nmol_m2_s1,2022-10-22,low,9.2,12.4
BP,12,n2o,2.5919887447999274e-4,0.7518491426422604,0.03523456054912376,nmol_m2_s1,2022-10-22,low,9.4,12
EW,1,n2o,3.975635128236899e-4,0.35987605776061315,0.03900192483796163,nmol_m2_s1,2022-10-22,high,3.6,11.3
EW,2,n2o,-8.607415561237127e-5,0.7856945084996031,-0.00766084500250025,nmol_m2_s1,2022-10-22,high,3.7,11.3
EW,3,n2o,5.486769518448772e-4,0.04523593126993036,0.04864194577408161,nmol_m2_s1,2022-10-22,high,3.1,11.3
EW,4,n2o,5.355263095496426e-4,0.0012416359243676,0.05165439327141231,nmol_m2_s1,2022-10-22,high,2.5,11.7
EW,5,n2o,6.198038461383014e-4,0.05300607127438319,0.05895722032953553,nmol_m2_s1,2022-10-22,mid,4.2,11.1
EW,6,n2o,-2.3400199113455283e-4,0.2440849124805449,-0.02297919253426267,nmol_m2_s1,2022-10-22,mid,4.9,11.4
EW,7,n2o,5.292579222533168e-4,0.3768753235979473,0.04140501635695223,nmol_m2_s1,2022-10-22,mid,4.9,11.3
EW,8,n2o,6.653438165426034e-4,0.0063657522145299,0.0756340467890372,nmol_m2_s1,2022-10-22,mid,3.2,11.7
EW,9,n2o,3.7797815820517737e-4,0.21078281704426657,0.04069570740970109,nmol_m2_s1,2022-10-22,low,4.2,11.3
EW,10,n2o,3.5689926601643575e-4,0.25172189946929624,0.03827048950173184,nmol_m2_s1,2022-10-22,low,3.6,11.4
EW,11,n2o,-1.3043303206393528e-4,0.25556790498438436,-0.01385323210036153,nmol_m2_s1,2022-10-22,low,3.9,11.6
EW,12,n2o,8.315531524144225e-4,0.03277728341496513,0.09363316179289231,nmol_m2_s1,2022-10-22,low,3.1,12.2
NW,1,n2o,7.226294662833289e-4,0.1759303942212497,0.08661529201648496,nmol_m2_s1,2022-10-22,high,10.2,12.6
NW,2,n2o,2.1448119518078352e-4,0.8474801235191561,0.0261493228826186,nmol_m2_s1,2022-10-22,high,7.6,12.4
NW,3,n2o,3.1857340527530095e-4,0.6657764270780322,0.03655041008522428,nmol_m2_s1,2022-10-22,high,8,12.4
NW,4,n2o,-1.0028055243442768e-5,0.9858396353947844,-0.00109650565247933,nmol_m2_s1,2022-10-22,high,9.6,11.8
NW,5,n2o,1.4628479082690204e-4,0.7677581398638925,0.01596387534461636,nmol_m2_s1,2022-10-22,mid,3.3,12.6
NW,6,n2o,-3.4665243429540007e-4,0.0956264946743659,-0.0341891268466447,nmol_m2_s1,2022-10-22,mid,7.1,12.8
NW,7,n2o,7.359104720473734e-4,0.3283287238580591,0.08781942802850744,nmol_m2_s1,2022-10-22,mid,8.1,13.6
NW,8,n2o,4.963657413168739e-4,0.04384759211098025,0.05890277460936785,nmol_m2_s1,2022-10-22,mid,6.3,12.7
NW,9,n2o,0.00156537102960229,0.13816067554090217,0.1816526493831266,nmol_m2_s1,2022-10-22,low,5.2,14.6
NW,10,n2o,7.963122792116878e-4,0.23884369467863684,0.08170563291199603,nmol_m2_s1,2022-10-22,low,3.8,15.9
NW,11,n2o,2.2690791365288256e-4,0.08161906892154558,0.02431342992154674,nmol_m2_s1,2022-10-22,low,3.6,15.7
NW,12,n2o,7.274645463525197e-4,0.1952347663428557,0.07487513645214172,nmol_m2_s1,2022-10-22,low,7.1,15.1
SP,1,n2o,3.677603440715406e-4,0.3895249010801251,0.04425919630142415,nmol_m2_s1,2022-10-22,high,9.1,12.3
SP,2,n2o,-1.1381645490984646e-4,0.4089896776208461,-0.01420379680836994,nmol_m2_s1,2022-10-22,high,9,12.6
SP,3,n2o,3.1285853989022156e-4,0.2070187918289194,0.0403136721587738,nmol_m2_s1,2022-10-22,high,7.4,12.6
SP,4,n2o,5.275793707488167e-6,0.9704347196137052,6.061968733391529e-4,nmol_m2_s1,2022-10-22,high,8.6,12.2
SP,5,n2o,1.7932943020232249e-4,0.7543172157455352,0.02590625986328228,nmol_m2_s1,2022-10-22,mid,9.6,13.1
SP,6,n2o,-4.580027833311797e-5,0.1066654904805349,-0.00599925200383341,nmol_m2_s1,2022-10-22,mid,8.8,11.7
SP,7,n2o,-1.047651911920646e-4,0.7957316338762142,-0.01479141246186378,nmol_m2_s1,2022-10-22,mid,11,11.2
SP,8,n2o,-5.140091087654702e-4,0.02472555342871929,-0.06684896698099481,nmol_m2_s1,2022-10-22,mid,8.7,10.4
SP,9,n2o,8.200330454736654e-5,0.6280205673514903,0.01016110298694157,nmol_m2_s1,2022-10-22,low,9.2,12.6
SP,10,n2o,6.357308020096304e-4,0.1736272388758321,0.09279777018132754,nmol_m2_s1,2022-10-22,low,12.9,12.1
SP,11,n2o,5.091740479732774e-5,0.8888694515863628,0.0059592428935403,nmol_m2_s1,2022-10-22,low,12.5,12.3
SP,12,n2o,1.3051127456411443e-4,0.264513080442991,0.01824189906469769,nmol_m2_s1,2022-10-22,low,19.5,11.1
SW,1,n2o,-3.0196189761075114e-4,0.0180379335859311,-0.04075760783222645,nmol_m2_s1,2022-10-22,high,40.3,9.3
SW,2,n2o,-8.936018652446091e-5,0.8057764059870676,-0.01171750231374342,nmol_m2_s1,2022-10-22,high,44,9.6
SW,3,n2o,-2.042651832926324e-4,0.4764039610011472,-0.024331573422152,nmol_m2_s1,2022-10-22,high,44.3,10.2
SW,4,n2o,1.478319546603196e-4,0.689489288654062,0.01653305262184619,nmol_m2_s1,2022-10-22,high,45.8,9.5
SW,5,n2o,9.376258492375868e-5,0.7847176523825808,0.01180408814628242,nmol_m2_s1,2022-10-22,mid,31.5,8.4
SW,6,n2o,5.530253350713885e-4,0.4664777728755746,0.06733091757586228,nmol_m2_s1,2022-10-22,mid,28.1,8.2
SW,7,n2o,5.901969694372616e-4,0.21681833744422116,0.08111909995858559,nmol_m2_s1,2022-10-22,mid,24.8,8.4
SW,8,n2o,6.926937692760256e-4,0.13347540704311317,0.08528819236997065,nmol_m2_s1,2022-10-22,mid,25,8.8
SW,9,n2o,7.439849417233689e-4,0.25039128913492675,0.08673910099133073,nmol_m2_s1,2022-10-22,low,15.7,8.9
SW,10,n2o,4.889561333241382e-4,0.46100402684168046,0.05186406726069391,nmol_m2_s1,2022-10-22,low,17.4,8.6
SW,11,n2o,1.4302959579358374e-4,0.7897688988082099,0.01777807261737244,nmol_m2_s1,2022-10-22,low,22.9,8.4
SW,12,n2o,3.1854547622890987e-4,0.6492436608272982,0.03485348903684236,nmol_m2_s1,2022-10-22,low,9.2,8.4
WW,1,n2o,4.3274162699689266e-4,0.03141080103061502,0.04025977725630264,nmol_m2_s1,2022-10-22,high,3.5,13.5
WW,2,n2o,-5.513431153569553e-4,0.4604105005887748,-0.05491980393528397,nmol_m2_s1,2022-10-22,high,3.9,13.8
WW,3,n2o,3.910492138940379e-4,0.43748272083755374,0.04539616201349841,nmol_m2_s1,2022-10-22,high,3.7,13.8
WW,4,n2o,3.793751844678294e-4,0.472970026167495,0.04093574482463715,nmol_m2_s1,2022-10-22,high,4.1,13.6
WW,5,n2o,5.166509149652885e-4,0.3674115726632923,0.06149572195615627,nmol_m2_s1,2022-10-22,mid,3.8,13.7
WW,6,n2o,-4.505082242710698e-5,0.8205410851070085,-0.00591061575242287,nmol_m2_s1,2022-10-22,mid,4.5,14.4
WW,7,n2o,5.334500103921164e-4,0.3757124810432092,0.06764339906425983,nmol_m2_s1,2022-10-22,mid,5,14
WW,8,n2o,4.731298455422096e-4,0.439548478641375,0.06133564177660773,nmol_m2_s1,2022-10-22,mid,2.8,13.5
WW,9,n2o,-5.055456346370858e-4,0.12728415744908306,-0.06214116559659413,nmol_m2_s1,2022-10-22,low,3.2,18.4
WW,10,n2o,6.093949802251724e-4,0.2741093982490949,0.07566382699083984,nmol_m2_s1,2022-10-22,low,4.1,18.4
WW,11,n2o,5.049102546517415e-4,0.36015517760386523,0.06546462005774281,nmol_m2_s1,2022-10-22,low,6.5,18.7
WW,12,n2o,7.813345084635092e-4,0.3252078778056391,0.08830579636521163,nmol_m2_s1,2022-10-22,low,4.7,19.1
