ecosystem,pref,suff,gas,estimate,p.value,date.x,average_temp_kelvin,date.y,h1,h2,h3,h4,diameter_cm2,base_vol_l,total_vol_l,total_vol_m3,flux,units,air_temp,soil_temp,soil_moisture,photo,eco
NWd,1,1,co2,14.88106974,0.002798028,230607,300.15,230607,8,9.5,13,10,25.4,5.130413226,7.590413226,0.007590413,1.523790302,umol_m2_s1,29.1,22.5,4.1,FALSE,NWd
NWd,1,1,ch4,-0.008620501,0.00255861,230607,300.15,230607,8,9.5,13,10,25.4,5.130413226,7.590413226,0.007590413,-0.882721193,nmol_m2_s1,29.1,22.5,4.1,FALSE,NWd
NWd,1,1,n2o,3.83e-4,0.874174455,230607,300.15,230607,8,9.5,13,10,25.4,5.130413226,7.590413226,0.007590413,0.03922907,nmol_m2_s1,29.1,22.5,4.1,FALSE,NWd
NWd,1,2,co2,13.88805454,1.1e-4,230607,299.75,230607,7,12,12.5,10.5,25.4,5.320428531,7.780428531,0.007780429,1.459653325,umol_m2_s1,28.3,22.7,5.3,FALSE,NWd
NWd,1,2,ch4,-0.00793906,0.135710631,230607,299.75,230607,7,12,12.5,10.5,25.4,5.320428531,7.780428531,0.007780429,-0.834405909,nmol_m2_s1,28.3,22.7,5.3,FALSE,NWd
NWd,1,2,n2o,0.001815003,0.105953581,230607,299.75,230607,7,12,12.5,10.5,25.4,5.320428531,7.780428531,0.007780429,0.190759239,nmol_m2_s1,28.3,22.7,5.3,FALSE,NWd
NWd,1,3,co2,18.17458621,1.32e-4,230607,300.1,230607,7.5,12.5,12,12,25.4,5.57378227,8.03378227,0.008033782,1.970074162,umol_m2_s1,29,22.9,4.5,FALSE,NWd
NWd,1,3,ch4,-0.010385202,0.020909908,230607,300.1,230607,7.5,12.5,12,12,25.4,5.57378227,8.03378227,0.008033782,-1.125726755,nmol_m2_s1,29,22.9,4.5,FALSE,NWd
NWd,1,3,n2o,0.001269356,0.086722148,230607,300.1,230607,7.5,12.5,12,12,25.4,5.57378227,8.03378227,0.008033782,0.137594673,nmol_m2_s1,29,22.9,4.5,FALSE,NWd
NWd,1,4,co2,18.59051412,3.57e-6,230607,298.8,230607,10,13,13.5,12,25.4,6.143828184,8.603828184,0.0086038280000000009,2.16753699,umol_m2_s1,26.4,22.6,4.9,FALSE,NWd
NWd,1,4,ch4,-0.012747201,6.12e-4,230607,298.8,230607,10,13,13.5,12,25.4,6.143828184,8.603828184,0.0086038280000000009,-1.486243427,nmol_m2_s1,26.4,22.6,4.9,FALSE,NWd
NWd,1,4,n2o,7.5e-4,0.095710949,230607,298.8,230607,10,13,13.5,12,25.4,6.143828184,8.603828184,0.0086038280000000009,0.087446508,nmol_m2_s1,26.4,22.6,4.9,FALSE,NWd
NWd,2,1,co2,25.55112836,4.7e-5,230607,297.65,230607,18,12,18.5,12.5,25.4,7.727289056,10.18728906,0.010187289,3.541007181,umol_m2_s1,24.3,17.7,5.3,FALSE,NWd
NWd,2,1,ch4,-0.016528336,0.001579434,230607,297.65,230607,18,12,18.5,12.5,25.4,7.727289056,10.18728906,0.010187289,-2.290582131,nmol_m2_s1,24.3,17.7,5.3,FALSE,NWd
NWd,2,1,n2o,7.64e-4,0.335785415,230607,297.65,230607,18,12,18.5,12.5,25.4,7.727289056,10.18728906,0.010187289,0.105922557,nmol_m2_s1,24.3,17.7,5.3,FALSE,NWd
NWd,2,2,co2,24.06159789,1.39e-5,230607,297.55,230607,13,13.5,14,15,25.4,7.030566272,9.490566272,0.009490566,3.107567836,umol_m2_s1,24.1,19.4,5.7,FALSE,NWd
NWd,2,2,ch4,-0.010636345,0.032612008,230607,297.55,230607,13,13.5,14,15,25.4,7.030566272,9.490566272,0.009490566,-1.373689471,nmol_m2_s1,24.1,19.4,5.7,FALSE,NWd
NWd,2,2,n2o,9.7e-4,0.244497362,230607,297.55,230607,13,13.5,14,15,25.4,7.030566272,9.490566272,0.009490566,0.125328969,nmol_m2_s1,24.1,19.4,5.7,FALSE,NWd
NWd,2,3,co2,16.52100003,0.002093459,230607,297.8,230607,8,9,10.5,10.5,25.4,4.813721051,7.273721051,0.007273721,1.633925542,umol_m2_s1,24.6,18.3,3.7,FALSE,NWd
NWd,2,3,ch4,-0.012334502,0.006112386,230607,297.8,230607,8,9,10.5,10.5,25.4,4.813721051,7.273721051,0.007273721,-1.219881229,nmol_m2_s1,24.6,18.3,3.7,FALSE,NWd
NWd,2,3,n2o,-4.09e-5,0.986454998,230607,297.8,230607,8,9,10.5,10.5,25.4,4.813721051,7.273721051,0.007273721,-0.0040455,nmol_m2_s1,24.6,18.3,3.7,FALSE,NWd
NWd,2,4,co2,20.22147722,0.001675468,230607,297.9,230607,8,13,17,14.5,25.4,6.650535663,9.110535663,0.009110536,2.504091933,umol_m2_s1,24.8,17.6,3.1,FALSE,NWd
NWd,2,4,ch4,-0.004238273,0.018529344,230607,297.9,230607,8,13,17,14.5,25.4,6.650535663,9.110535663,0.009110536,-0.524839218,nmol_m2_s1,24.8,17.6,3.1,FALSE,NWd
NWd,2,4,n2o,0.001204191,0.06604078,230607,297.9,230607,8,13,17,14.5,25.4,6.650535663,9.110535663,0.009110536,0.149118903,nmol_m2_s1,24.8,17.6,3.1,FALSE,NWd
NWd,3,1,co2,25.66458873,1.52e-5,230607,298.5,230607,11,12,15.5,14,25.4,6.650535663,9.110535663,0.009110536,3.171742106,umol_m2_s1,24.6,17.7,4.3,FALSE,NWd
NWd,3,1,ch4,-0.016092482,0.001264324,230607,298.5,230607,11,12,15.5,14,25.4,6.650535663,9.110535663,0.009110536,-1.98877925,nmol_m2_s1,24.6,17.7,4.3,FALSE,NWd
NWd,3,1,n2o,0.001703055,0.045921583,230607,298.5,230607,11,12,15.5,14,25.4,6.650535663,9.110535663,0.009110536,0.210470976,nmol_m2_s1,24.6,17.7,4.3,FALSE,NWd
NWd,3,2,co2,25.75722054,2.71e-4,230607,298.55,230607,14,14.5,15,13,25.4,7.157243142,9.617243142,0.009617243,3.359669048,umol_m2_s1,24.7,18.3,6.4,FALSE,NWd
NWd,3,2,ch4,-0.011360426,0.031154273,230607,298.55,230607,14,14.5,15,13,25.4,7.157243142,9.617243142,0.009617243,-1.481808622,nmol_m2_s1,24.7,18.3,6.4,FALSE,NWd
NWd,3,2,n2o,0.001766558,0.14504865,230607,298.55,230607,14,14.5,15,13,25.4,7.157243142,9.617243142,0.009617243,0.230422773,nmol_m2_s1,24.7,18.3,6.4,FALSE,NWd
NWd,3,3,co2,21.1301566,2.28e-4,230607,299.05,230607,9,9.5,14.5,14.5,25.4,6.017151314,8.477151314,0.008477151,2.425341096,umol_m2_s1,25.7,17.9,5.9,FALSE,NWd
NWd,3,3,ch4,-0.007417248,9.44e-4,230607,299.05,230607,9,9.5,14.5,14.5,25.4,6.017151314,8.477151314,0.008477151,-0.851359379,nmol_m2_s1,25.7,17.9,5.9,FALSE,NWd
NWd,3,3,n2o,0.001291418,0.082520539,230607,299.05,230607,9,9.5,14.5,14.5,25.4,6.017151314,8.477151314,0.008477151,0.148230318,nmol_m2_s1,25.7,17.9,5.9,FALSE,NWd
NWd,3,4,co2,27.99017623,8.91e-7,230607,298.65,230607,13.5,14,14,13.5,25.4,6.967227838,9.427227838,0.009427228,3.57759437,umol_m2_s1,24.9,18.2,7,FALSE,NWd
NWd,3,4,ch4,-0.007451813,0.033256496,230607,298.65,230607,13.5,14,14,13.5,25.4,6.967227838,9.427227838,0.009427228,-0.952461472,nmol_m2_s1,24.9,18.2,7,FALSE,NWd
NWd,3,4,n2o,6.14e-4,0.077646178,230607,298.65,230607,13.5,14,14,13.5,25.4,6.967227838,9.427227838,0.009427228,0.078450057,nmol_m2_s1,24.9,18.2,7,FALSE,NWd
Pr,1,1,co2,20.91702865,0.003460343,230607,304.1,230607,10.5,9.5,11,11,25.4,5.320428531,7.780428531,0.007780429,2.166960876,umol_m2_s1,39.1,20.5,5.8,FALSE,Pr
Pr,1,1,ch4,0.008731874,0.4104924,230607,304.1,230607,10.5,9.5,11,11,25.4,5.320428531,7.780428531,0.007780429,0.904604069,nmol_m2_s1,39.1,20.5,5.8,FALSE,Pr
Pr,1,1,n2o,0.00168917,0.106265609,230607,304.1,230607,10.5,9.5,11,11,25.4,5.320428531,7.780428531,0.007780429,0.174994541,nmol_m2_s1,39.1,20.5,5.8,FALSE,Pr
Pr,1,2,co2,37.4861121,3.64e-7,230607,300.85,230607,10,10.5,10.5,11,25.4,5.320428531,7.780428531,0.007780429,3.925435836,umol_m2_s1,32.6,20.8,3.3,FALSE,Pr
Pr,1,2,ch4,0.007166143,0.494547047,230607,300.85,230607,10,10.5,10.5,11,25.4,5.320428531,7.780428531,0.007780429,0.750417497,nmol_m2_s1,32.6,20.8,3.3,FALSE,Pr
Pr,1,2,n2o,0.001347431,0.333095731,230607,300.85,230607,10,10.5,10.5,11,25.4,5.320428531,7.780428531,0.007780429,0.14109902,nmol_m2_s1,32.6,20.8,3.3,FALSE,Pr
Pr,1,3,co2,32.66263055,1.06e-5,230607,302.85,230607,9.5,9.5,10,10,25.4,4.940397921,7.400397921,0.007400398,3.231786292,umol_m2_s1,36.6,20.7,5.1,FALSE,Pr
Pr,1,3,ch4,7.64e-4,0.669765356,230607,302.85,230607,9.5,9.5,10,10,25.4,4.940397921,7.400397921,0.007400398,0.075561959,nmol_m2_s1,36.6,20.7,5.1,FALSE,Pr
Pr,1,3,n2o,5.61e-4,0.001423661,230607,302.85,230607,9.5,9.5,10,10,25.4,4.940397921,7.400397921,0.007400398,0.055542843,nmol_m2_s1,36.6,20.7,5.1,FALSE,Pr
Pr,1,4,co2,40.53427096,2.7e-5,230607,302.65,230607,9,8.5,9.75,9.5,25.4,4.655374964,7.115374964,0.007115375,3.858721731,umol_m2_s1,36.2,21.9,3.2,FALSE,Pr
Pr,1,4,ch4,0.015619648,0.02040771,230607,302.65,230607,9,8.5,9.75,9.5,25.4,4.655374964,7.115374964,0.007115375,1.486936226,nmol_m2_s1,36.2,21.9,3.2,FALSE,Pr
Pr,1,4,n2o,0.002772735,0.021152031,230607,302.65,230607,9,8.5,9.75,9.5,25.4,4.655374964,7.115374964,0.007115375,0.263954699,nmol_m2_s1,36.2,21.9,3.2,FALSE,Pr
Pr,2,1,co2,44.17561136,2.39e-5,230607,303.45,230607,13.5,16,14,12,25.4,7.030566272,9.490566272,0.009490566,5.594374483,umol_m2_s1,35.4,25.2,6.3,FALSE,Pr
Pr,2,1,ch4,0.006314566,0.182914368,230607,303.45,230607,13.5,16,14,12,25.4,7.030566272,9.490566272,0.009490566,0.799673027,nmol_m2_s1,35.4,25.2,6.3,FALSE,Pr
Pr,2,1,n2o,0.001090076,0.06049066,230607,303.45,230607,13.5,16,14,12,25.4,7.030566272,9.490566272,0.009490566,0.138046607,nmol_m2_s1,35.4,25.2,6.3,FALSE,Pr
Pr,2,2,co2,45.83666571,4.77e-6,230607,305.95,230607,12.5,18,17,11.5,25.4,7.473935317,9.933935317,0.009933935,6.026260068,umol_m2_s1,40.4,25,7.8,FALSE,Pr
Pr,2,2,ch4,0.012203637,0.051078867,230607,305.95,230607,12.5,18,17,11.5,25.4,7.473935317,9.933935317,0.009933935,1.60444239,nmol_m2_s1,40.4,25,7.8,FALSE,Pr
Pr,2,2,n2o,0.002036274,0.040159577,230607,305.95,230607,12.5,18,17,11.5,25.4,7.473935317,9.933935317,0.009933935,0.267713976,nmol_m2_s1,40.4,25,7.8,FALSE,Pr
Pr,2,3,co2,40.03135729,3.24e-4,230607,304.7,230607,14,16.5,15,15.5,25.4,7.727289056,10.18728906,0.010187289,5.419390826,umol_m2_s1,37.9,24.8,11.2,FALSE,Pr
Pr,2,3,ch4,0.003856148,0.236706003,230607,304.7,230607,14,16.5,15,15.5,25.4,7.727289056,10.18728906,0.010187289,0.522040129,nmol_m2_s1,37.9,24.8,11.2,FALSE,Pr
Pr,2,3,n2o,9.41e-4,0.368486449,230607,304.7,230607,14,16.5,15,15.5,25.4,7.727289056,10.18728906,0.010187289,0.127400313,nmol_m2_s1,37.9,24.8,11.2,FALSE,Pr
Pr,2,4,co2,58.54434288,7.41e-5,230607,305.1,230607,13.5,16.5,15,14,25.4,7.473935317,9.933935317,0.009933935,7.718413428,umol_m2_s1,38.7,26.4,5.3,FALSE,Pr
Pr,2,4,ch4,0.001580877,0.584295141,230607,305.1,230607,13.5,16.5,15,14,25.4,7.473935317,9.933935317,0.009933935,0.208420833,nmol_m2_s1,38.7,26.4,5.3,FALSE,Pr
Pr,2,4,n2o,7.83e-4,0.222848692,230607,305.1,230607,13.5,16.5,15,14,25.4,7.473935317,9.933935317,0.009933935,0.103173049,nmol_m2_s1,38.7,26.4,5.3,FALSE,Pr
Pr,3,1,co2,44.84506949,6.32e-5,230607,307.1,230607,16.5,12.5,12,16,25.4,7.220581577,9.680581577,0.009680582,5.724009098,umol_m2_s1,38.4,24.1,7.2,FALSE,Pr
Pr,3,1,ch4,0.001866906,0.521160856,230607,307.1,230607,16.5,12.5,12,16,25.4,7.220581577,9.680581577,0.009680582,0.238291234,nmol_m2_s1,38.4,24.1,7.2,FALSE,Pr
Pr,3,1,n2o,0.001812128,0.048859195,230607,307.1,230607,16.5,12.5,12,16,25.4,7.220581577,9.680581577,0.009680582,0.231299381,nmol_m2_s1,38.4,24.1,7.2,FALSE,Pr
Pr,3,2,co2,43.04872923,6.27e-5,230607,306.5,230607,15.5,14,16.5,17.5,25.4,8.043981231,10.50398123,0.010503981,5.973760067,umol_m2_s1,37.2,23.4,5.8,FALSE,Pr
Pr,3,2,ch4,0.015542154,0.089019819,230607,306.5,230607,15.5,14,16.5,17.5,25.4,8.043981231,10.50398123,0.010503981,2.156744291,nmol_m2_s1,37.2,23.4,5.8,FALSE,Pr
Pr,3,2,n2o,0.002217496,0.052222043,230607,306.5,230607,15.5,14,16.5,17.5,25.4,8.043981231,10.50398123,0.010503981,0.307716209,nmol_m2_s1,37.2,23.4,5.8,FALSE,Pr
Pr,3,3,co2,36.89400716,3e-4,230607,306.85,230607,15.5,16.5,16,14.5,25.4,7.917304361,10.37730436,0.010377304,5.052173262,umol_m2_s1,37.9,24.2,8.2,FALSE,Pr
Pr,3,3,ch4,0.005547728,0.062920542,230607,306.85,230607,15.5,16.5,16,14.5,25.4,7.917304361,10.37730436,0.010377304,0.759692052,nmol_m2_s1,37.9,24.2,8.2,FALSE,Pr
Pr,3,3,n2o,0.001489965,0.06055955,230607,306.85,230607,15.5,16.5,16,14.5,25.4,7.917304361,10.37730436,0.010377304,0.204032096,nmol_m2_s1,37.9,24.2,8.2,FALSE,Pr
Pr,3,4,co2,37.71213689,9.08e-4,230607,307.45,230607,14.5,13,15,14.5,25.4,7.220581577,9.680581577,0.009680582,4.808084313,umol_m2_s1,39.1,23.7,9.7,FALSE,Pr
Pr,3,4,ch4,5.46e-4,0.845740633,230607,307.45,230607,14.5,13,15,14.5,25.4,7.220581577,9.680581577,0.009680582,0.069599857,nmol_m2_s1,39.1,23.7,9.7,FALSE,Pr
Pr,3,4,n2o,0.001463476,0.30993044,230607,307.45,230607,14.5,13,15,14.5,25.4,7.220581577,9.680581577,0.009680582,0.18658491,nmol_m2_s1,39.1,23.7,9.7,FALSE,Pr
SWd,1,1,co2,27.58399148,4.44e-4,230607,295.75,230607,9.5,17,14.4,18.3,25.4,7.499270691,9.959270691,0.009959271,3.761177892,umol_m2_s1,23.3,21.8,1.8,FALSE,SWd
SWd,1,1,ch4,0.001898832,0.706651615,230607,295.75,230607,9.5,17,14.4,18.3,25.4,7.499270691,9.959270691,0.009959271,0.258912631,nmol_m2_s1,23.3,21.8,1.8,FALSE,SWd
SWd,1,1,n2o,0.002230019,0.021042562,230607,295.75,230607,9.5,17,14.4,18.3,25.4,7.499270691,9.959270691,0.009959271,0.304071224,nmol_m2_s1,23.3,21.8,1.8,FALSE,SWd
SWd,1,2,co2,16.49571833,0.00563979,230607,295.75,230607,9.1,10.6,12.4,12.6,25.4,5.662456079,8.122456079,0.008122456,1.834416009,umol_m2_s1,23.3,21.7,4.6,FALSE,SWd
SWd,1,2,ch4,-0.006862154,0.216662077,230607,295.75,230607,9.1,10.6,12.4,12.6,25.4,5.662456079,8.122456079,0.008122456,-0.763109852,nmol_m2_s1,23.3,21.7,4.6,FALSE,SWd
SWd,1,2,n2o,-0.001380256,0.197257697,230607,295.75,230607,9.1,10.6,12.4,12.6,25.4,5.662456079,8.122456079,0.008122456,-0.153492146,nmol_m2_s1,23.3,21.7,4.6,FALSE,SWd
SWd,1,3,co2,21.83490694,1.76e-4,230607,296.2,230607,7.7,9.6,14.6,14.8,25.4,5.915809818,8.375809818,0.00837581,2.500098274,umol_m2_s1,24.2,21.6,4.5,FALSE,SWd
SWd,1,3,ch4,-0.010870845,0.094443024,230607,296.2,230607,7.7,9.6,14.6,14.8,25.4,5.915809818,8.375809818,0.00837581,-1.244712467,nmol_m2_s1,24.2,21.6,4.5,FALSE,SWd
SWd,1,3,n2o,-8.81e-4,NA,230607,296.2,230607,7.7,9.6,14.6,14.8,25.4,5.915809818,8.375809818,0.00837581,-0.100823136,nmol_m2_s1,24.2,21.6,4.5,FALSE,SWd
SWd,1,4,co2,21.31422119,2.75e-5,230607,297.25,230607,9.6,13.6,12.2,10,25.4,5.751129888,8.211129888,0.00821113,2.384045329,umol_m2_s1,26.3,21.3,6.9,FALSE,SWd
SWd,1,4,ch4,0.005347803,0.174931404,230607,297.25,230607,9.6,13.6,12.2,10,25.4,5.751129888,8.211129888,0.00821113,0.598164232,nmol_m2_s1,26.3,21.3,6.9,FALSE,SWd
SWd,1,4,n2o,0.002281967,0.121570582,230607,297.25,230607,9.6,13.6,12.2,10,25.4,5.751129888,8.211129888,0.00821113,0.255243357,nmol_m2_s1,26.3,21.3,6.9,FALSE,SWd
SWd,2,1,co2,29.58940846,1.19e-5,230607,300.9,230607,13.5,15.5,16.5,15,25.4,7.663950621,10.12395062,0.010123951,4.031141982,umol_m2_s1,30.8,25.7,6.4,FALSE,SWd
SWd,2,1,ch4,-0.005393201,0.037633004,230607,300.9,230607,13.5,15.5,16.5,15,25.4,7.663950621,10.12395062,0.010123951,-0.73474805,nmol_m2_s1,30.8,25.7,6.4,FALSE,SWd
SWd,2,1,n2o,3.72e-4,0.074266903,230607,300.9,230607,13.5,15.5,16.5,15,25.4,7.663950621,10.12395062,0.010123951,0.050690529,nmol_m2_s1,30.8,25.7,6.4,FALSE,SWd
SWd,2,2,co2,26.38516007,7.94e-5,230607,306.35,230607,15,12.5,15,15.5,25.4,7.347258447,9.807258447,0.009807258,3.420215338,umol_m2_s1,41.7,24.8,3.6,FALSE,SWd
SWd,2,2,ch4,-0.006242514,0.007952975,230607,306.35,230607,15,12.5,15,15.5,25.4,7.347258447,9.807258447,0.009807258,-0.809195064,nmol_m2_s1,41.7,24.8,3.6,FALSE,SWd
SWd,2,2,n2o,0.001131132,0.099938077,230607,306.35,230607,15,12.5,15,15.5,25.4,7.347258447,9.807258447,0.009807258,0.146624637,nmol_m2_s1,41.7,24.8,3.6,FALSE,SWd
SWd,2,3,co2,19.30785446,0.001506612,230607,300.7,230607,13.75,16.5,14,14,25.4,7.378927664,9.838927664,0.009838928,2.558069487,umol_m2_s1,30.4,24,6.2,FALSE,SWd
SWd,2,3,ch4,-0.004713953,0.590436409,230607,300.7,230607,13.75,16.5,14,14,25.4,7.378927664,9.838927664,0.009838928,-0.624544808,nmol_m2_s1,30.4,24,6.2,FALSE,SWd
SWd,2,3,n2o,0.003468665,0.183072184,230607,300.7,230607,13.75,16.5,14,14,25.4,7.378927664,9.838927664,0.009838928,0.459558365,nmol_m2_s1,30.4,24,6.2,FALSE,SWd
SWd,2,4,co2,25.43475104,1.01e-4,230607,300.35,230607,12,13.5,12.5,13.5,25.4,6.523858793,8.983858793,0.008983859,3.080539297,umol_m2_s1,29.7,23.9,5.4,FALSE,SWd
SWd,2,4,ch4,-0.011034124,0.167374703,230607,300.35,230607,12,13.5,12.5,13.5,25.4,6.523858793,8.983858793,0.008983859,-1.336402041,nmol_m2_s1,29.7,23.9,5.4,FALSE,SWd
SWd,2,4,n2o,-1.38e-4,0.896660794,230607,300.35,230607,12,13.5,12.5,13.5,25.4,6.523858793,8.983858793,0.008983859,-0.01676196,nmol_m2_s1,29.7,23.9,5.4,FALSE,SWd
SWd,3,1,co2,25.23046283,8.31e-4,230607,303.7,230607,10.5,13,13,13,25.4,6.270505054,8.730505054,0.008730505,2.936863589,umol_m2_s1,32.7,25.1,4.8,FALSE,SWd
SWd,3,1,ch4,-0.008104729,0.025344194,230607,303.7,230607,10.5,13,13,13,25.4,6.270505054,8.730505054,0.008730505,-0.943402627,nmol_m2_s1,32.7,25.1,4.8,FALSE,SWd
SWd,3,1,n2o,9.83e-4,0.103063751,230607,303.7,230607,10.5,13,13,13,25.4,6.270505054,8.730505054,0.008730505,0.114464144,nmol_m2_s1,32.7,25.1,4.8,FALSE,SWd
SWd,3,2,co2,27.44502895,1.16e-5,230607,303.15,230607,12,13.5,14,12,25.4,6.523858793,8.983858793,0.008983859,3.293313081,umol_m2_s1,31.6,24.6,4.1,FALSE,SWd
SWd,3,2,ch4,-0.007963288,0.102958931,230607,303.15,230607,12,13.5,14,12,25.4,6.523858793,8.983858793,0.008983859,-0.955568373,nmol_m2_s1,31.6,24.6,4.1,FALSE,SWd
SWd,3,2,n2o,0.001086849,0.315654354,230607,303.15,230607,12,13.5,14,12,25.4,6.523858793,8.983858793,0.008983859,0.130418243,nmol_m2_s1,31.6,24.6,4.1,FALSE,SWd
SWd,3,3,co2,24.91213042,1.43e-6,230607,303.75,230607,10,14,13,11,25.4,6.080489749,8.540489749,0.00854049,2.836229301,umol_m2_s1,32.8,24.9,5.9,FALSE,SWd
SWd,3,3,ch4,-0.006821045,0.032720477,230607,303.75,230607,10,14,13,11,25.4,6.080489749,8.540489749,0.00854049,-0.776571422,nmol_m2_s1,32.8,24.9,5.9,FALSE,SWd
SWd,3,3,n2o,6.03e-4,0.442469844,230607,303.75,230607,10,14,13,11,25.4,6.080489749,8.540489749,0.00854049,0.068615597,nmol_m2_s1,32.8,24.9,5.9,FALSE,SWd
SWd,3,4,co2,23.28496956,3.71e-5,230607,302.65,230607,6.5,7,13,13,25.4,5.003736356,7.463736356,0.007463736,2.3251729820000002,umol_m2_s1,30.6,24.4,5.3,FALSE,SWd
SWd,3,4,ch4,-0.005185975,0.041685387,230607,302.65,230607,6.5,7,13,13,25.4,5.003736356,7.463736356,0.007463736,-0.517857234,nmol_m2_s1,30.6,24.4,5.3,FALSE,SWd
SWd,3,4,n2o,-0.00133346,0.344201739,230607,302.65,230607,6.5,7,13,13,25.4,5.003736356,7.463736356,0.007463736,-0.133155638,nmol_m2_s1,30.6,24.4,5.3,FALSE,SWd
Wt,1,1,co2,30.66814331,4.49e-4,230607,295.6,230607,9.5,9,9,9.5,25.4,4.687044182,7.147044182,0.007147044,3.002434229,umol_m2_s1,22.6,18.9,13.6,FALSE,Wt
Wt,1,1,ch4,-0.007251576,0.072356344,230607,295.6,230607,9.5,9,9,9.5,25.4,4.687044182,7.147044182,0.007147044,-0.709934724,nmol_m2_s1,22.6,18.9,13.6,FALSE,Wt
Wt,1,1,n2o,0.00172823,0.401391109,230607,295.6,230607,9.5,9,9,9.5,25.4,4.687044182,7.147044182,0.007147044,0.169195022,nmol_m2_s1,22.6,18.9,13.6,FALSE,Wt
Wt,1,2,co2,35.12640445,0.001639404,230607,302.25,230607,8.5,9,9,10.5,25.4,4.687044182,7.147044182,0.007147044,3.36323982,umol_m2_s1,35.9,18.3,23.1,FALSE,Wt
Wt,1,2,ch4,-1.18e-4,0.929285689,230607,302.25,230607,8.5,9,9,10.5,25.4,4.687044182,7.147044182,0.007147044,-0.011266918,nmol_m2_s1,35.9,18.3,23.1,FALSE,Wt
Wt,1,2,n2o,6.5e-4,0.339262103,230607,302.25,230607,8.5,9,9,10.5,25.4,4.687044182,7.147044182,0.007147044,0.062265117,nmol_m2_s1,35.9,18.3,23.1,FALSE,Wt
Wt,1,3,co2,42.52941886,9.72e-6,230607,303.15,230607,11.5,10.75,11,8,25.4,5.225420878,7.685420878,0.007685421,4.365796748,umol_m2_s1,37.7,18.4,33.4,FALSE,Wt
Wt,1,3,ch4,0.002243415,0.752528489,230607,303.15,230607,11.5,10.75,11,8,25.4,5.225420878,7.685420878,0.007685421,0.230294513,nmol_m2_s1,37.7,18.4,33.4,FALSE,Wt
Wt,1,3,n2o,9.41e-4,0.319146542,230607,303.15,230607,11.5,10.75,11,8,25.4,5.225420878,7.685420878,0.007685421,0.09662853,nmol_m2_s1,37.7,18.4,33.4,FALSE,Wt
Wt,1,4,co2,29.35437112,5.63e-5,230607,302.95,230607,9.5,9.5,11,11.5,25.4,5.257090096,7.717090096,0.00771709,3.027745559,umol_m2_s1,37.3,17.8,46.3,FALSE,Wt
Wt,1,4,ch4,0.005039872,0.129766961,230607,302.95,230607,9.5,9.5,11,11.5,25.4,5.257090096,7.717090096,0.00771709,0.519835704,nmol_m2_s1,37.3,17.8,46.3,FALSE,Wt
Wt,1,4,n2o,8.67e-4,0.482085132,230607,302.95,230607,9.5,9.5,11,11.5,25.4,5.257090096,7.717090096,0.00771709,0.089410824,nmol_m2_s1,37.3,17.8,46.3,FALSE,Wt
Wt,2,1,co2,32.99184989,0.001539679,230607,305.95,230607,9.75,8,10,9,25.4,4.655374964,7.115374964,0.007115375,3.106833525,umol_m2_s1,39.3,21.8,10.6,FALSE,Wt
Wt,2,1,ch4,-0.003586547,0.164260561,230607,305.95,230607,9.75,8,10,9,25.4,4.655374964,7.115374964,0.007115375,-0.337744131,nmol_m2_s1,39.3,21.8,10.6,FALSE,Wt
Wt,2,1,n2o,3.12e-4,0.316409359,230607,305.95,230607,9.75,8,10,9,25.4,4.655374964,7.115374964,0.007115375,0.029400342,nmol_m2_s1,39.3,21.8,10.6,FALSE,Wt
Wt,2,2,co2,46.1871752,3.81e-4,230607,306.6,230607,9,10.5,9,11.5,25.4,5.067074791,7.527074791,0.007527075,4.591340099,umol_m2_s1,40.6,21.2,11.4,FALSE,Wt
Wt,2,2,ch4,-0.004073044,0.13405705,230607,306.6,230607,9,10.5,9,11.5,25.4,5.067074791,7.527074791,0.007527075,-0.404890121,nmol_m2_s1,40.6,21.2,11.4,FALSE,Wt
Wt,2,2,n2o,-8.03e-4,0.253967344,230607,306.6,230607,9,10.5,9,11.5,25.4,5.067074791,7.527074791,0.007527075,-0.079859728,nmol_m2_s1,40.6,21.2,11.4,FALSE,Wt
Wt,2,3,co2,51.30979114,0.003616143,230607,306.25,230607,13,10,11,8,25.4,5.320428531,7.780428531,0.007780429,5.278270567,umol_m2_s1,39.9,20.6,30.6,FALSE,Wt
Wt,2,3,ch4,8.73e-4,0.733570025,230607,306.25,230607,13,10,11,8,25.4,5.320428531,7.780428531,0.007780429,0.089766571,nmol_m2_s1,39.9,20.6,30.6,FALSE,Wt
Wt,2,3,n2o,3.17e-4,0.702622326,230607,306.25,230607,13,10,11,8,25.4,5.320428531,7.780428531,0.007780429,0.032560817,nmol_m2_s1,39.9,20.6,30.6,FALSE,Wt
Wt,2,4,co2,93.84791376,0.032259075,230607,306.95,230607,9.5,10,10,10.5,25.4,5.067074791,7.527074791,0.007527075,9.318525494,umol_m2_s1,41.3,20.4,39.5,FALSE,Wt
Wt,2,4,ch4,0.004798054,0.26315396,230607,306.95,230607,9.5,10,10,10.5,25.4,5.067074791,7.527074791,0.007527075,0.476417546,nmol_m2_s1,41.3,20.4,39.5,FALSE,Wt
Wt,2,4,n2o,4.3e-4,0.293173625,230607,306.95,230607,9.5,10,10,10.5,25.4,5.067074791,7.527074791,0.007527075,0.042703728,nmol_m2_s1,41.3,20.4,39.5,FALSE,Wt
Wt,3,1,co2,30.78375489,4.12e-5,230607,303.95,230607,8,9.5,8,9.5,25.4,4.433690442,6.893690442,0.00689369,2.827061158,umol_m2_s1,36.6,18.6,11.4,FALSE,Wt
Wt,3,1,ch4,-0.003074229,0.085945167,230607,303.95,230607,8,9.5,8,9.5,25.4,4.433690442,6.893690442,0.00689369,-0.282325352,nmol_m2_s1,36.6,18.6,11.4,FALSE,Wt
Wt,3,1,n2o,2.25e-5,0.977901488,230607,303.95,230607,8,9.5,8,9.5,25.4,4.433690442,6.893690442,0.00689369,0.002064425,nmol_m2_s1,36.6,18.6,11.4,FALSE,Wt
Wt,3,2,co2,50.63874798,2.47e-5,230607,298.8,230607,8.5,8,6,5.5,25.4,3.546952354,6.006952354,0.006006952,4.122119093,umol_m2_s1,26.3,18.3,11.8,FALSE,Wt
Wt,3,2,ch4,0.001824077,0.588595898,230607,298.8,230607,8.5,8,6,5.5,25.4,3.546952354,6.006952354,0.006006952,0.148484383,nmol_m2_s1,26.3,18.3,11.8,FALSE,Wt
Wt,3,2,n2o,0.001797602,0.055075767,230607,298.8,230607,8.5,8,6,5.5,25.4,3.546952354,6.006952354,0.006006952,0.14632925,nmol_m2_s1,26.3,18.3,11.8,FALSE,Wt
Wt,3,3,co2,42.90596126,3.9e-6,230607,298.45,230607,8.5,9,9,10,25.4,4.623705747,7.083705747,0.007083706,4.123543183,umol_m2_s1,25.6,18.8,10.6,FALSE,Wt
Wt,3,3,ch4,0.0080389,0.053546294,230607,298.45,230607,8.5,9,9,10,25.4,4.623705747,7.083705747,0.007083706,0.772590771,nmol_m2_s1,25.6,18.8,10.6,FALSE,Wt
Wt,3,3,n2o,0.001661921,0.370046884,230607,298.45,230607,8.5,9,9,10,25.4,4.623705747,7.083705747,0.007083706,0.159721507,nmol_m2_s1,25.6,18.8,10.6,FALSE,Wt
Wt,3,4,co2,45.12573346,0.002073934,230607,298.45,230607,7,8.5,10,10,25.4,4.497028877,6.957028877,0.006957029,4.259322044,umol_m2_s1,25.6,19.9,16.5,FALSE,Wt
Wt,3,4,ch4,0.001296326,0.876195093,230607,298.45,230607,7,8.5,10,10,25.4,4.497028877,6.957028877,0.006957029,0.122357429,nmol_m2_s1,25.6,19.9,16.5,FALSE,Wt
Wt,3,4,n2o,0.003562697,0.317579719,230607,298.45,230607,7,8.5,10,10,25.4,4.497028877,6.957028877,0.006957029,0.336275411,nmol_m2_s1,25.6,19.9,16.5,FALSE,Wt
Wt,4,1,co2,65.38660923,3.33e-5,230607,306,230607,11,11.5,9,11,25.4,5.383766965,7.843766965,0.007843767,6.786659402,umol_m2_s1,36.6,20.5,33.2,FALSE,Wt
Wt,4,1,ch4,0.025355032,0.001816006,230607,306,230607,11,11.5,9,11,25.4,5.383766965,7.843766965,0.007843767,2.631669848,nmol_m2_s1,36.6,20.5,33.2,FALSE,Wt
Wt,4,1,n2o,0.003032064,0.014676072,230607,306,230607,11,11.5,9,11,25.4,5.383766965,7.843766965,0.007843767,0.314706406,nmol_m2_s1,36.6,20.5,33.2,FALSE,Wt
Wt,4,2,co2,70.21654981,1.39e-6,230607,306.35,230607,11,10,9,9.5,25.4,5.003736356,7.463736356,0.007463736,6.926947131,umol_m2_s1,37.3,20.4,35.5,FALSE,Wt
Wt,4,2,ch4,0.006921148,0.051610717,230607,306.35,230607,11,10,9,9.5,25.4,5.003736356,7.463736356,0.007463736,0.682779612,nmol_m2_s1,37.3,20.4,35.5,FALSE,Wt
Wt,4,2,n2o,9.11e-4,6.22e-4,230607,306.35,230607,11,10,9,9.5,25.4,5.003736356,7.463736356,0.007463736,0.08987986,nmol_m2_s1,37.3,20.4,35.5,FALSE,Wt
Wt,4,3,co2,57.21179115,6.27e-6,230607,306.9,230607,12,11.5,11,11.5,25.4,5.82713601,8.28713601,0.008287136,6.255429072,umol_m2_s1,38.4,20.2,35.3,FALSE,Wt
Wt,4,3,ch4,0.002655201,0.254295441,230607,306.9,230607,12,11.5,11,11.5,25.4,5.82713601,8.28713601,0.008287136,0.290314661,nmol_m2_s1,38.4,20.2,35.3,FALSE,Wt
Wt,4,3,n2o,0.001032954,0.129773606,230607,306.9,230607,12,11.5,11,11.5,25.4,5.82713601,8.28713601,0.008287136,0.11294124,nmol_m2_s1,38.4,20.2,35.3,FALSE,Wt
Wt,4,4,co2,42.88965449,8.79e-5,230607,304.45,230607,10,11.5,10.5,10,25.4,5.320428531,7.780428531,0.007780429,4.438171379,umol_m2_s1,33.5,19.8,32.3,FALSE,Wt
Wt,4,4,ch4,0.006507489,0.027274189,230607,304.45,230607,10,11.5,10.5,10,25.4,5.320428531,7.780428531,0.007780429,0.673387408,nmol_m2_s1,33.5,19.8,32.3,FALSE,Wt
Wt,4,4,n2o,4.04e-4,0.221942647,230607,304.45,230607,10,11.5,10.5,10,25.4,5.320428531,7.780428531,0.007780429,0.041782076,nmol_m2_s1,33.5,19.8,32.3,FALSE,Wt
PrP,1,1,co2,-12.141864662926798,0.458952725091633,230607,306.5,230607,9,9,9.5,9.5,25.4,4.687044182,7.147044182,0.007147044182,-1.1464242320405014,umol_m2_s1,38.1,23.1,6.1,TRUE,Pr
PrP,1,2,co2,87.7350896908804,0.01357786472676869,230607,304.8,230607,9,9,9.5,9.5,25.4,4.687044182,7.147044182,0.007147044182,8.330073051129403,umol_m2_s1,34.2,25.9,6.1,TRUE,Pr
PrP,2,1,co2,19.689759266443925,0.01034970701568871,230607,307.65,230607,11.5,11.5,14.5,14.5,25.4,6.587197228,9.047197228,0.009047197228,2.3445609448217573,umol_m2_s1,40.4,26.1,5.1,TRUE,Pr
PrP,2,2,co2,63.13687777193939,0.01661791842784501,230607,306.9,230607,11.5,11.5,14.5,14.5,25.4,6.587197228,9.047197228,0.009047197228,7.5364054064694335,umol_m2_s1,38.4,27.6,5.3,TRUE,Pr
PrP,3,1,co2,4.314435654322667,0.1833601446918708,230607,306.95,230607,14.5,14,13,15.5,25.4,7.220581577,9.680581577,0.009680581577,0.5509621808619204,umol_m2_s1,39,22.5,6.7,TRUE,Pr
PrP,3,2,co2,55.15196713286209,0.01481837663106782,230607,306.05,230607,14.5,14,13,15.5,25.4,7.220581577,9.680581577,0.009680581577,7.063729401835649,umol_m2_s1,36.7,23.9,7.7,TRUE,Pr
SWdP,1,1,co2,20.097463336058595,0.09067634187790884,230607,298.8,230607,6.2,9.7,11.4,13.8,25.4,5.206419348,7.666419348,0.007666419348,2.087936106188111,umol_m2_s1,26.9,19.3,2.2,TRUE,SWd
SWdP,1,2,co2,29.964260796102767,0.00106331669988616,230607,297.95,230607,6.2,9.7,11.4,13.8,25.4,5.206419348,7.666419348,0.007666419348,3.121883778909966,umol_m2_s1,26,19.3,2.8,TRUE,SWd
SWdP,2,1,co2,4.172413332285871,0.3303627024670175,230607,302.75,230607,15.5,12,12.5,14,25.4,6.840550968,9.300550968,0.009300550968,0.519010126023407,umol_m2_s1,34.8,22.7,4.5,TRUE,SWd
SWdP,2,2,co2,27.301149642211534,0.03870819057049085,230607,298.95,230607,15.5,12,12.5,14,25.4,6.840550968,9.300550968,0.009300550968,3.4391810263861617,umol_m2_s1,28,21.8,3.9,TRUE,SWd
SWdP,3,1,co2,4.071218420794139,0.4120678058006305,230607,299.35,230607,12,13,15,13.5,25.4,6.777212533,9.237212533,0.009237212533,0.5086863194983212,umol_m2_s1,28,19.1,4.2,TRUE,SWd
SWdP,3,2,co2,35.95697642965708,0.04054739349879168,230607,297.75,230607,12,13,15,13.5,25.4,6.777212533,9.237212533,0.009237212533,4.516856702805766,umol_m2_s1,25.6,19.3,5.2,TRUE,SWd
WtP,1,1,co2,-6.279363549327876,0.5668559210985439,230607,300.1,230607,4,4,4,3.5,25.4,1.963491482,4.423491482,0.004423491482,-0.3747820729238144,umol_m2_s1,31.6,17.7,34.3,TRUE,Wt
WtP,1,2,co2,74.09561865231645,0.00288814029640887,230607,299.55,230607,4,4,4,3.5,25.4,1.963491482,4.423491482,0.004423491482,4.430496331378921,umol_m2_s1,30.5,17.3,34.8,TRUE,Wt
WtP,2,1,co2,4.1152355343156515,0.36681463497628,230607,305.55,230607,6.5,8,8.5,10,25.4,4.180336703,6.640336703,0.006640336703,0.3621316566945942,umol_m2_s1,38.5,19.9,8.5,TRUE,Wt
WtP,2,2,co2,54.234174272068906,0.00426079095692,230607,303.4,230607,6.5,8,8.5,10,25.4,4.180336703,6.640336703,0.006640336703,4.8063073403568355,umol_m2_s1,34.2,20.5,9.7,TRUE,Wt
WtP,3,1,co2,21.273289383439593,0.02556218300019098,230607,298.6,230607,6.5,7,8,8,25.4,3.736967658,6.196967658,0.006196967658,1.787672895617967,umol_m2_s1,25.9,17.4,9.3,TRUE,Wt
WtP,3,2,co2,45.10573207362407,0.01081267912912387,230607,297.55,230607,6.5,7,8,8,25.4,3.736967658,6.196967658,0.006196967658,3.803776511109606,umol_m2_s1,23.8,18.6,10.7,TRUE,Wt
WtP,4,1,co2,0.167888799087249,0.9778416126677952,230607,305.1,230607,10,9,8.5,8,25.4,4.497028877,6.957028877,0.006957028877,0.01550127076913379,umol_m2_s1,38.9,18.5,32.7,TRUE,Wt
WtP,4,2,co2,72.84077560820813,0.00921599525981514,230607,303.25,230607,10,9,8.5,8,25.4,4.497028877,6.957028877,0.006957028877,6.766460320656752,umol_m2_s1,35.2,19.2,33.4,TRUE,Wt
